event,t0_s,T_amb,cc_samples,cc_dur_s,T_rise_K,beta_k,fit_rmse_K,R_ir,has_rest,beta_k_smooth,R_ir_smooth,SoH_T,SoH_T_smooth,SoH_IR,SoH_IR_smooth,R_ratio_T
0,34607.7756437811,24.332695070611884,48,1426.7860677687058,1.4628139323989373,0.011814679094505835,0.12525950283704188,0.03190882000491356,True,0.011154950872870883,0.031623474826895065,94.59870513646104,100.26188971193095,99.78276075728508,100.00047850729071,1.0570969208384229
1,40411.9579194649,24.496543486075637,48,1427.290067792601,1.4865378925871333,0.010790786366028706,0.12612325076921538,0.031888782947742264,True,0.01117160882518825,0.03162375750262189,103.57478185849712,100.11238950974837,99.84545844271508,99.99958463160428,0.9654859814397091
2,46030.6561863387,24.36935445436446,48,1437.2300682647983,1.4944419399109137,0.01114765177536204,0.1299889895111202,0.03179880015126009,True,0.011189690400536396,0.03162315053566413,100.25908294096944,99.95061651609015,100.12799657383901,100.00150399898651,0.9974158647943437
3,51856.4964630513,24.18291748590713,48,1429.3340678897002,1.3916508144704274,0.011299784205158767,0.12122398737239731,0.0318149342594724,True,0.011203051818102472,0.031623376359579035,98.90926442938779,99.83140954062118,100.07721929048432,100.00078988386885,1.01102763721841
4,57668.380739101,24.22524142640752,48,1432.3820680345016,1.3758357716557654,0.010829765756098056,0.13272837848254587,0.031786170266489784,True,0.01120152079119142,0.03162437151287834,103.20198692328471,99.84505452485361,100.16778133080744,99.99764306667612,0.9689735914618578
5,63518.3290169586,24.660924864060913,48,1438.8000683392966,1.6367697431122359,0.011654077684804502,0.13732104177859786,0.03166296199842808,True,0.011203696727180237,0.031624588857230886,95.9023420103293,99.82566302821311,100.55755847338699,99.99695581906994,1.0427274018426393
6,69382.8453062563,25.12131647681492,49,1441.8100725107943,1.9293327852643962,0.010531608778971364,0.1400785167749965,0.03152712830662038,True,0.011197481298052413,0.03162528953585401,106.12370506723576,99.88107364397345,100.99080771428726,99.9947403222208,0.9422965382870758
7,75251.133601381,25.18976066616944,49,1443.372072589089,1.8739847315801406,0.011245116551221655,0.14509284129025593,0.031549276550052185,True,0.011203879379834941,0.03162577733870962,99.39010759489616,99.82403560776868,100.91991008244831,99.99319798163728,1.0061363483239656
8,81164.6478987799,25.52574982729228,49,1448.3100728376885,2.206081871951813,0.011596719859162599,0.16123550172857087,0.03146886431350791,True,0.01119566182243734,0.031630434210876135,96.3766787088512,99.89730592936978,101.17779023982321,99.9784762254509,1.037595414728386
9,87066.0381955693,25.589218147480583,49,1447.8300728134054,2.1507317315768972,0.011229673925575985,0.15458965185895057,0.0314515711254222,True,0.01118108051604015,0.031631738954173726,99.5267851364386,100.02758253581405,101.23342137347109,99.97435232170513,1.0047546474847706
10,92834.3764856672,25.40520211763511,49,1453.1780730822938,2.324691999999999,0.011252502035981344,0.1588558933091443,0.03143418743507949,True,0.011180664294347376,0.03163264406943553,99.32487373645662,100.0313062546049,101.28940533848127,99.97149172263929,1.0067971511384912
11,98684.3367798701,25.24329688122613,49,1448.0060728219105,2.0637547454986453,0.011148152582641561,0.13800997171870688,0.03150141524024699,True,0.011187709653100066,0.03163569191299358,100.25457901278915,99.96831244613861,101.07324157708535,99.96186027636419,0.9974606736147003
12,104545.055074614,25.05867439800312,49,1447.5140727979888,2.1902667232264967,0.011610323050358575,0.14487972289263804,0.0314979568022613,True,0.011191941365039324,0.031639219681174655,96.26375933687308,99.93051407965974,101.08433929812806,99.95071454415088,1.0388125355161635
13,110390.983368614,24.962648064105956,49,1446.4720727449894,2.0400317884483385,0.010695897573905015,0.15689639141855505,0.03150154456614542,True,0.011190487836957858,0.03164256648367612,104.49364686044005,99.94349401498754,101.0728266327404,99.94014285738105,0.9569959793690921
14,116216.585661592,24.711340953020496,49,1446.816072761998,1.5656087904347906,0.011409969078598621,0.12622959049977234,0.031585323589301696,True,0.011200656164182558,0.031646403996621414,97.95410804744607,99.85276199569977,100.80473431261605,99.92802389460692,1.0208862283409066
15,122046.927954808,24.61433361870292,49,1446.2780727350037,1.810725979322143,0.01165204127311691,0.13442477754963394,0.031558968120518574,True,0.011207036720436247,0.03165025870609764,95.91910273452858,99.79591234124669,100.88891818130976,99.91585358332372,1.0425451976111664
16,127866.554247485,24.753684267315148,49,1445.7380727090058,1.684213968189507,0.010701093628706164,0.1366081279534202,0.031607445963611806,True,0.011187329426088695,0.03165430705202053,104.44290861495809,99.97171009818099,100.73418004931803,99.9030751030423,0.9574608869206951
17,133706.944683538,24.596368955065877,49,1445.910150820011,1.5656048812366201,0.01101807012082176,0.1279703642924629,0.031627515771546134,True,0.011179325260034236,0.03165847281325648,101.43821301617476,100.04328777838631,100.67025736691022,99.88992941657563,0.9858217819660273
18,139534.093291357,24.49026387315538,49,1447.3661509719968,1.6763068634579987,0.01091452308753137,0.1363120454023121,0.031619181960547006,True,0.011189507604011816,0.03166355168885936,102.40056619788204,99.95224935159779,100.69679084583376,99.87390693967627,0.9765570995165374
19,145315.925894449,24.4546772335188,49,1449.1401511570148,1.4390935925648876,0.010561089282112576,0.13384272545966192,0.031585323589301696,True,0.01117716834326594,0.03166882513461016,105.82746855819587,100.06259365607713,100.80473431261605,99.85727608494993,0.9449342526799986
20,151157.636503787,24.39641377526449,49,1446.89215092198,1.494441292341719,0.011221991564299998,0.1275244283717065,0.03162270843746896,True,0.011172050986839844,0.031674260226137244,99.59491927427631,100.10842731341192,100.68556141841975,99.84014124324275,1.0040672821839736
21,156999.655113156,24.42176422144536,49,1447.8901510269789,1.4390894556484461,0.011154771167410139,0.118960851379134,0.031694821785786205,True,0.01117978169216084,0.03167979954657778,100.19509384544007,100.03920335421324,100.45647753177869,99.82268385578797,0.9980528594475279
22,162734.925711391,24.540336878925455,49,1454.6721517349943,1.6604898787580389,0.010845269872403206,0.14747658741319655,0.031642168685177226,True,0.011179377133617724,0.031685845126822924,103.05445204153384,100.04282356613379,100.623638799103,99.8036379366048,0.9703607940659571
23,168591.030322231,24.856125508271028,49,1453.0861515690049,1.81863343751073,0.011021909176549723,0.14679247086252792,0.03160471505577499,True,0.01118116238671946,0.031691019752984835,101.4028809383581,100.02685011409898,100.74288431262957,99.78734163184888,0.9861652744939661
24,174363.106924305,24.781586245591825,49,1454.5441517209983,1.6525818020582932,0.011398900900874951,0.13540611031638602,0.03172121630069214,True,0.011158659993612527,0.03168621464301249,98.04922015396062,100.22856282008735,100.37288994268765,99.80247405318072,1.0198959232723226
25,180230.041536274,24.8352017164253,49,1452.9221515520185,1.7553763929628552,0.011282354302441547,0.1506704897462439,0.0315485422719031,True,0.011149656645920413,0.03168415410903037,99.06206754216213,100.30949738411988,100.92225894802004,99.80896456539634,1.0094681283781357
26,186077.96414626,24.787470948523247,49,1453.7061516329995,1.9530551653242227,0.011604715585439794,0.1402126292556623,0.03163110707151951,True,0.011126122048335818,0.03168021583063008,96.31027453575557,100.52167766082296,100.65882757117832,99.82137216676509,1.0383108177926486
27,191871.890750613,24.762255817680337,49,1455.504151820991,1.6604914515206026,0.01167789293493631,0.1260659438820322,0.031606762427804434,True,0.011125437412308255,0.03167903669479329,95.70676406866404,100.52786355352336,100.73635855207506,99.82508765086688,1.0448582280277565
28,197723.307360964,24.62319135270713,49,1453.1041515699762,1.5260733096577006,0.011577171509952595,0.12522221826923466,0.03162969942919658,True,0.011118993991896788,0.03167941633106669,96.53941318760376,100.58611911948681,100.66330727311741,99.82389137806086,1.035846361741667
29,203589.339972838,24.69408174169726,49,1452.7021515289962,1.7316563541938592,0.011157121010770934,0.14338511162712408,0.03165323095855806,True,0.011113788857336038,0.03167987422592254,100.1739913786093,100.63322855189382,100.58847252484726,99.8224485425866,0.9982631074078219
30,209455.194584695,24.725314228748775,49,1453.2401515849924,1.581422727822396,0.011268974806844743,0.13335799144120572,0.03163110918780736,True,0.011111450752419056,0.03168269208875262,99.17968254434366,100.6544040987897,100.65882083657245,99.81357032079384,1.0082710223471874
31,215324.553196916,24.670490410978154,49,1452.5861515169963,1.715841917521331,0.011004802995089892,0.14693079155981217,0.03164701057317078,True,0.011096392644638634,0.031686428638115605,101.56050448533618,100.79099487329029,100.60824371502572,99.80180003462942,0.984634730024341
32,221198.313809597,24.748939804876695,49,1453.6001516230172,1.5181654061609784,0.011408617996875814,0.11393660847997215,0.03164138703008906,True,0.011099946383491559,0.03169568883111806,97.96570840123941,100.75872580980733,100.6261245617904,99.77264200196329,1.0207653427614036
33,227085.164423644,24.664374386688856,49,1452.8041515390214,1.7790958886575865,0.010924482428316513,0.14727012404926473,0.03178411099237129,True,0.011099806461675419,0.0317035852347062,102.30721238070598,100.75999595302613,100.17427114326911,99.74779165641185,0.9774481934170438
34,232974.587037958,24.854340393578212,49,1453.6601516290102,1.5656068037013178,0.010685316098535633,0.14683090647535949,0.03167610022629178,True,0.011085344022305649,0.03171293519741026,104.5971250299499,100.89145198447058,100.5158504314499,99.71838289541276,0.9560492211083363
35,238840.607649832,24.77561570983842,49,1454.8581517529965,1.5260697195798834,0.011166096535100313,0.12229234299379792,0.03166432310359858,True,0.011090087551614551,0.03172253100523216,100.09346958713421,100.8482979915667,100.5532359615075,99.68821889499246,0.9990661761205312
36,244621.952252873,24.714559432410777,49,1458.30215211201,1.5893284515254962,0.01144134256819694,0.12578940055574636,0.031745414281083205,True,0.011092133328150598,0.03173315883375613,97.6855065112521,100.82969804549431,100.29638058605673,99.65483207391277,1.0236933142536981
37,250461.566861992,24.62948776000393,49,1456.246151897998,1.7870069607832484,0.011348514706791888,0.13707414053364755,0.03176974710387483,True,0.011102829001291932,0.03174143512123973,98.48454822675359,100.73256590979189,100.21956240908281,99.62884799234168,1.0153877102102562
38,256109.087451074,24.69231366607708,49,1465.5061528639926,1.589328569464616,0.011135253769862099,0.1243600542054665,0.03176974497873138,True,0.011082605789796711,0.03175299478350848,100.3707115295415,100.9163797188805,100.21956911297505,99.5925781588073,0.9963065758044616
39,261993.550064871,24.48983528721851,49,1454.0601516699826,1.5656047195809073,0.011597220925945874,0.12496166085931823,0.03179606700148819,True,0.011087384073277463,0.031763201058551696,96.37251468087487,100.87288820934488,100.13660344999711,99.5605766850554,1.0376402467673687
40,267866.62067748,24.452972843521568,49,1452.6161515199929,1.3442070069788983,0.011462258970583793,0.11161132126265338,0.03180444708514648,True,0.01107111940328375,0.031771733434997416,97.50724938350821,101.0210813755708,100.11021867707774,99.53383944954484,1.0255647713098988
41,273748.921291052,24.646901644647787,49,1452.9521515539964,1.3995565694685972,0.010379330357839063,0.12087952365859499,0.03182028923485929,True,0.011064613826944712,0.03178203189870841,107.68067933197179,101.08047796789836,100.0603774873777,99.50158708642175,0.9286717035538202
42,279635.429905062,24.57486890558897,49,1453.2081515819882,1.4232786238953672,0.010843150285746953,0.11121182531536052,0.031833434785166474,True,0.011072373274988672,0.03179244583003716,103.0745968182508,101.00964141844584,100.01905776379485,99.46899435352667,0.9701711479054602
43,285519.690518838,24.210193670392794,49,1452.7141515300027,1.4074665645137685,0.011627348395047808,0.12494361581053182,0.03188194333978266,True,0.011069997503221969,0.03180225730406134,96.12280512890511,101.03131945894917,99.86687820954099,99.43830667481947,1.0403358472627828
44,291401.271132335,24.357156221679325,49,1451.2101513730013,1.3283929475863232,0.0106342408704474,0.12166745217571581,0.03190085674764593,True,0.011085665845192884,0.03181299875140264,105.09949488251966,100.88852305094251,99.80766904739998,99.40473199224388,0.9514793579820243
45,297283.31374588,24.27305299240449,49,1451.8121514359955,1.0041996140065486,0.010941769947665462,0.10935477883855442,0.03191883934485582,True,0.01109747060338237,0.031826127579574495,102.14557144674119,100.78120448608433,99.75143889781508,99.36372582074115,0.9789949627644403
46,303158.534358713,24.01787035118944,49,1452.9741515569622,1.2888584589456542,0.011535394136926695,0.12264970865202547,0.031934608286842116,True,0.011097896924551348,0.031839332206022586,96.88904693470991,100.77733301735476,99.7021827854839,99.32251701417879,1.0321084072840692
47,308947.174962515,24.050423124549702,49,1456.1041518839775,1.2335063665775436,0.011160362882091268,0.13246714702979126,0.031969987398345015,True,0.01110835221614651,0.03185001471125112,100.14489275582032,100.68248038913619,99.59184884640851,99.28920420986975,0.9985531679471787
48,314817.599574848,24.160025773744888,49,1453.7901516429847,1.1939737649368354,0.01126685453560274,0.11385953457047616,0.03193940180875643,True,0.011121698208127532,0.03186147182735665,99.19834683330072,100.56166182790956,99.68721930554935,99.25350065082446,1.0080813149346257
49,352745.881531076,24.628927525755685,49,1449.4661511899903,1.3362997921550566,0.010056042731372937,0.12433145464994054,0.031450764254367686,True,0.011129531001693903,0.03187243058810814,111.14246168189028,100.49088806954818,101.23601852236052,99.21937412368769,0.8997461312425565
50,358589.638140627,24.262127856622534,49,1450.0201512490166,1.0437366206014822,0.010699489261314681,0.11595833364145973,0.031581127409924206,True,0.01114276311674955,0.031881138223836224,104.45856962388673,100.37155438372464,100.81812822163599,99.19227452137827,0.9573173390667192
51,364444.958751384,24.29066818258927,49,1450.4141512900242,1.3679285298756518,0.010614414617691529,0.11276676183705235,0.03170796780649914,True,0.011142361773006256,0.03189386411499541,105.29580614650422,100.37516972993015,100.41482860169144,99.15269605936314,0.9497054400810513
52,370307.145362858,24.24612222275408,49,1451.1501513670082,1.1860635917446238,0.010755869928622938,0.11635742331204153,0.031828647020065784,True,0.011128881120700825,0.03190497108851506,103.9110133685077,100.49675632507412,100.03410294475599,99.11817835469328,0.9623618967165406
53,376188.817976364,24.229215307095718,49,1450.9741513489862,1.3916526041075237,0.010819037334377208,0.14357545441032576,0.03181816160120351,True,0.011120197781276908,0.031916823117378215,103.3043245346565,100.57523041909091,100.06706837761269,99.08137169926889,0.9680136854436032
54,382070.074589827,24.060346457363394,49,1451.4261513950187,1.4865355645112288,0.011034322342560476,0.13751693141444699,0.03183828689712073,True,0.01110965436021967,0.031928565091209206,101.28880680167991,100.6706795633986,100.00381499437707,99.04493376758269,0.9872759199429758
55,387854.501193189,24.371921207920735,49,1457.3101520100026,1.367929289863877,0.010710522405331947,0.12550201097094787,0.03192988127082403,True,0.011113184723287626,0.03194207911358591,104.35096456048439,100.63869916731898,99.7169430600702,99.00302993763866,0.9583045095581498
56,393769.821810206,24.272198155249065,49,1452.6521515229833,0.9725727995808455,0.010886114188003062,0.10336035284638687,0.03185352601594033,True,0.01110250135314259,0.03195543510654204,102.66779538053783,100.73553864879447,99.95597193868679,98.96165094323366,0.9740152649076101
57,399596.054417929,24.35535154483361,49,1456.8821519640042,1.3046727624637278,0.010712849460470436,0.1225024019773593,0.03199939814974552,True,0.011108654205846296,0.03196873754591342,104.32829734676288,100.67974332743069,99.50031365270794,98.92047223356853,0.9585127185837053
58,405492.957033023,24.003857623998496,49,1454.0141516660224,1.2018804391550333,0.011237980538598608,0.1234868212395744,0.031951993133046974,True,0.011094388329807291,0.03198369224788917,99.45321938441806,100.80920379836888,99.64793555568522,98.87421971931573,1.0054978665750711
59,411236.259632097,24.253318861669946,49,1461.200152414036,0.9488515249293279,0.01085913545130434,0.12489280167745523,0.03194571241141515,True,0.011098168419886499,0.03199541465325879,102.9228660932507,100.77486769381956,99.66752694674112,98.83799441338626,0.9716013915163649
60,417117.358245543,24.223723501157266,49,1456.9341519700247,1.3679285768964071,0.011471593920329936,0.12602321456520327,0.03194095732433909,True,0.011103498106583355,0.032010643319749454,97.42790336767108,100.72649568829758,99.68236456617984,98.79097346355738,1.0263999989579708
61,423045.706863917,24.360054196800263,49,1455.4961518209893,1.3204876214198862,0.01135683663931979,0.11059948784015548,0.03197620668980179,True,0.011103958697457138,0.032026188004920575,98.41238184878999,100.72231756534823,99.57247848329122,98.7430228744956,1.016132299985425
62,428974.367482325,24.349539578174735,49,1455.4621518159984,1.1544368090234691,0.01169363191284947,0.1114120778468783,0.03192350590191114,True,0.011100664180182141,0.03203957655521296,95.57794808941625,100.7522104987629,99.73685729821268,98.70176059609128,1.0462664444470144
63,434898.448100255,24.441654393794643,49,1455.2161517909844,1.0437385991614079,0.010578939264102426,0.11647541350566892,0.03208749957796721,True,0.01109455438817691,0.03205643175625594,105.64890449230646,100.80769493091555,99.22711942266179,98.64986342828442,0.9465313473490589
64,440828.608718819,24.32273712736508,49,1455.3741518069874,1.2493209356659527,0.010939590031423243,0.11650817522335465,0.03202206459334918,True,0.011099315966269114,0.032069603630958156,102.16592584664355,100.76444868824915,99.42988352034153,98.60934519627193,0.97879991872398
65,446770.06133856,24.4857451074017,49,1455.2301517929882,1.3679295051317943,0.010580470908919235,0.1395788904617167,0.0320204747880335,True,0.011097705099312063,0.032083201091703505,105.6336105986452,100.77907496632959,99.43482017910141,98.56755271127025,0.9466683884829495
66,452701.109957216,24.263738937771592,49,1455.9841518710018,1.2967646700869544,0.011320256879826046,0.11215920067014332,0.03208418976977954,True,0.011101849762268008,0.032096298551951376,98.73038711116621,100.74145102908562,99.23735570210846,98.52733048435907,1.0128593925440517
67,458624.324575056,24.229531078358345,49,1455.8721518590464,1.3916496041078652,0.011096825478948172,0.13075432183985983,0.032138556461378004,True,0.011117645036589746,0.03210775318151984,100.71829516138398,100.59832369867192,99.06948236532723,98.49218028039782,0.9928682743767837
68,464561.177194318,24.2840334681228,49,1455.0661517750123,1.3362981492117356,0.01089690576071994,0.12854207710038706,0.032127900946779205,True,0.0111089343998739,0.03211989197726981,102.5661200055406,100.67720394230466,99.10233967266852,98.4549579740389,0.9749808212463618
69,470503.065814105,23.998901764646288,49,1455.292151799018,1.1702537179296897,0.011713608528048033,0.11793193714689328,0.03216699577495328,True,0.011097865887649761,0.032131804889642596,95.41494760277044,100.77761485678217,98.98189358039875,98.41845565831032,1.048053815754035
70,476450.758434498,24.050714587043153,49,1454.0661516709952,1.1069937641209044,0.011163131949776285,0.12274471168678316,0.03225489382606654,True,0.01110993067369393,0.03214356922612311,100.12005134145765,100.66817579752974,98.71215728586516,98.38243514608557,0.9988009252413049
71,482262.641040724,24.007157587329374,49,1461.354152431013,0.9172266074081712,0.01124373394391792,0.10343425262863612,0.03229614438632161,True,0.011116304994536516,0.03215704764966626,99.40232929005234,100.61045056855423,98.58607623596272,98.34119876939602,1.0060126420504547
72,488152.963655133,23.87543370223976,49,1458.702152154001,1.083276445748428,0.011687991038763473,0.11096799930014693,0.032239629552441425,True,0.011112931420571992,0.03217021191832482,95.62407604834284,100.64099307653449,98.75889384580255,98.30095688463342,1.0457617374990351
73,493915.972256261,24.292276742972643,49,1468.1281531380373,0.9093168977265478,0.011525915463435314,0.10247218484214371,0.03222648160655931,True,0.011137388094846911,0.032170800232791084,96.96872647458669,100.41999476297873,98.79918606905903,98.29915923351614,1.0312603202153285
74,499919.768882506,24.61733226123827,49,1459.9161522809882,1.6446754556560386,0.011421381648434616,0.14206753772592073,0.0321636118541007,True,0.011138200380361106,0.032175304422715795,97.85622951284975,100.41267134408736,98.99230742618303,98.28539842874456,1.0219073472672848
75,505912.389507585,24.66099326874152,49,1460.4901523410226,1.7870046436993334,0.012073738768712924,0.14482265485363544,0.03216530572282451,True,0.011165263473396653,0.03219308863087988,92.5689519504331,100.16928456929178,98.98709435670713,98.23110329710347,1.0802758139532658
76,511923.404134582,24.979232203329644,49,1462.6661525680101,1.7395605636972213,0.011261885771533595,0.13977933484634786,0.03219756272102151,True,0.011167790778940196,0.03220840036126243,99.24211332067799,100.14661595083393,98.88792453593973,98.18440466718098,1.0076367438078222
77,517948.594763059,25.278357181037865,49,1463.0301526060211,1.9609631834733747,0.010917202317862754,0.14875317149688258,0.03219756272102166,True,0.011159713820658841,0.03222433252060092,102.37543570245656,100.21909809975395,98.88792453593929,98.13586092841736,0.9767968187768633
78,523971.021391247,25.156921416750354,49,1463.136152616993,2.0874757323053217,0.011235042624316587,0.14074747557155995,0.03221121589982526,True,0.011164905578171343,0.032237724695560584,99.47922596431212,100.17249553318386,98.84600949245241,98.09509339188115,1.0052350020388132
79,529973.460017351,25.035343141931357,49,1459.2521522120805,1.4153702247138717,0.011039457036033531,0.12582292426073793,0.03222854009457707,True,0.011164290134591472,0.03225472154889644,101.24169515719588,100.17801765044456,98.79287560820383,98.04340148957091,0.9877353373013652
80,535966.982642524,24.684342032182656,49,1458.5081521350658,1.5497936041074958,0.011337169527236611,0.13093028616519867,0.032342446099770134,True,0.011162380486810508,0.032270901671548634,98.58310235707408,100.19515599556131,98.44493959348952,97.99424406975399,1.014372620906661
81,541870.633258323,24.557291541519106,49,1462.1021525090327,1.3362992873953274,0.010724122929447981,0.12836606303359221,0.032312264828570206,True,0.0111841604467495,0.0322858396494104,104.21862480464858,100.00003661274715,98.53689209003828,97.94890419740159,0.959521391713801
82,547849.209881937,24.356272558725895,49,1458.3381521159317,1.63676935668391,0.011318598482978847,0.13030518923085654,0.0323254349811109,True,0.01118530947928245,0.03230395083721416,98.74485305082774,99.98976391572639,98.49674581202315,97.89398921167644,1.0127110105028063
83,553620.234483901,24.590699306793983,50,1470.482153384015,1.3125760473858996,0.010681058318886492,0.13985343163138692,0.03240407683085235,True,0.011201715962915849,0.032317737007898785,104.63882047781799,99.84331488678994,98.25770285688499,97.85222938041284,0.9556682640192176
84,559641.127111929,24.608514404046893,49,1460.1301523039583,1.2730436907071052,0.011117267022356141,0.12215414982929436,0.03238195366622191,True,0.011209339270337662,0.032333960545563624,100.53310239787672,99.77541291103218,98.32483195474357,97.803132106149,0.994697244289627
85,565500.581723118,24.611891333791764,49,1465.8501529010246,1.5576984457484286,0.010957130120075308,0.12785772806534285,0.03245276221731574,True,0.011206640718996207,0.03235147147928047,102.0023794273775,99.79943876151734,98.1102974001612,97.75019404536535,0.9803692862503441
86,571496.168348506,24.364549982952262,49,1458.9901521840366,1.2651366882330812,0.011189586669663212,0.12870144942384257,0.03245710204732604,True,0.011200109914705401,0.032368300438074565,99.8833448400027,99.85763199424873,98.09717909981644,97.69937166774773,1.001167913181512
87,577510.052975804,24.391675261918785,49,1458.402152123046,1.2809489216541046,0.011273322187172126,0.1263806084162271,0.03242823034599443,True,0.011194349404128093,0.03238594204331619,99.14143545146274,99.90901782513191,98.18451758317569,97.64615185573756,1.0086599962940064
88,583558.003606654,24.759311751963406,49,1461.640152461012,1.4707232345969388,0.011036915314525084,0.11407823426838833,0.03262936235706698,True,0.011189595870878411,0.03240401947028054,101.26501038493836,99.95146089847033,97.57929431029689,97.5916774045004,0.9875079213928402
89,589610.792238008,24.90114225204342,49,1461.666152463993,1.6288635232653803,0.011378094252564542,0.1270598581138975,0.032441510588544484,True,0.011195059731474659,0.03241870849373323,98.22851868986379,99.90267859075247,98.14432481210832,97.54745829446216,1.0180342862624667
90,595646.056867536,24.765743308159895,49,1461.5801524549024,1.6446793401748288,0.011515066711136241,0.131381403168815,0.03248953749950078,True,0.011192329651748502,0.032435110503433055,97.06008414716204,99.92704726875749,97.99924522306557,97.49812982502564,1.0302896478374708
91,601725.023501622,25.032127323105488,49,1464.4341527519282,1.921425906355573,0.011673636781336975,0.13802694647225,0.03247241755778789,True,0.011198721096032049,0.03245137451778636,95.74165830907955,99.87001592119907,98.05091188333627,97.44926560874951,1.0444774164264865
92,607837.488139201,25.521655490992867,49,1465.6401528780116,2.198176181820198,0.011184889348247566,0.1437647021453715,0.03240447534285092,True,0.011194831636299425,0.03246755379871463,99.9252928790199,99.90471411211801,98.25649447831609,97.4007045420824,1.000747628892371
93,613873.4367688,25.173271162202592,49,1462.4201525410172,1.731658791331526,0.010398907813238987,0.13657620207312698,0.032452513368415176,True,0.011202071245586047,0.032480986636590346,107.4779548021542,99.84014827601442,98.11104971907606,97.36042350358647,0.9304233607639374
94,619930.837400636,25.040368365268186,49,1462.5821525579086,1.7079352378992638,0.011062854271616684,0.1341562515124746,0.032489501870794725,True,0.011202301787448046,0.0324968178683205,101.02757538898126,99.83809357920993,97.99935269120454,97.31299315418805,0.9898287623951186
95,625993.164032985,24.93440222887902,49,1463.6981526759919,1.7790991422325533,0.01124954495869985,0.1266240652205773,0.032500837908151885,True,0.011193890706094459,0.03251244135041441,99.35098246607116,99.9131118502767,97.96517128559817,97.26623050755494,1.0065325720277136
96,631832.326642058,24.924665770443667,50,1472.9981536450796,1.7632836931895248,0.01126686031063758,0.14182994710601932,0.0326062389455563,True,0.011194147696653925,0.03252638396404097,99.19829598737797,99.910818086856,97.6484947532252,97.22453680215017,1.0080818316453632
97,637896.255274574,24.8544458045859,49,1463.3221526369452,1.6130462346111791,0.011363341864735978,0.12480330765591555,0.032605985988429016,True,0.01119240819312418,0.03254158750674096,98.35604325268939,99.92634604274565,97.64925230991204,97.17911316089568,1.0167143431964005
98,675721.055220008,25.130074163448704,49,1459.3541522209998,2.047939845313863,0.012407653270111995,0.14558794249622603,0.03199999143612446,True,0.01119049381669569,0.03255540490769964,90.07773828072001,99.94344060931107,99.49846889656455,97.13786769719587,1.1101522065686522
99,681800.829854177,25.4734938974768,49,1461.526152449078,2.1111952791465534,0.011308281096826791,0.14486135236832534,0.032169115494916835,True,0.011188127562689965,0.032571025638652516,98.83494532663252,99.96457833457946,98.97537136514275,97.09128136879872,1.011787881144387
100,687785.684478447,25.50610867998771,49,1469.1741532459855,2.206084510082121,0.011436260476185752,0.15334597293786456,0.03235775887073581,True,0.011181891584339075,0.03258844139461646,97.72891639451625,100.02032712642281,98.39835216391052,97.03939431958179,1.0232386033154262
101,693894.381115633,25.62034467585797,49,1463.7441526800394,2.2139879607870583,0.010828381844035402,0.15862959031630092,0.03236202565943413,True,0.011159098644472225,0.032606724046771396,103.21517656478886,100.22462295481253,98.38537878018712,96.98498414672524,0.9688497684474162
102,699726.163723934,25.501163074821005,50,1473.3521536840126,2.103290109240678,0.010202489745342424,0.14653605503951056,0.03252050793276199,True,0.01115907255341356,0.03262476508155207,109.54711759973021,100.22485729028303,97.90591706564241,96.93135281887291,0.912849211427368
103,705770.428354401,24.640168755961696,49,1457.840152063989,1.3916484193518563,0.01102064956176058,0.12914009548579264,0.032511647943009,True,0.011156110703717574,0.0326415578265915,101.41447086940308,100.25146611220845,97.93259813156313,96.88148560656454,0.9860525727519724
104,711820.274985449,24.573256876865617,49,1459.3781522259815,1.2493208738126746,0.01078764971180372,0.11863612558500855,0.032685001121332415,True,0.011152120500665651,0.03265859822264497,103.6048976191862,100.28733585608514,97.4131878037325,96.83093540003915,0.9652053350085666
105,717874.245616928,24.38749239362556,49,1460.5281523440499,1.3995587855594955,0.010936930305731351,0.13335207427395104,0.03266347315238234,True,0.011163469837019982,0.03267426520398453,102.19077133163927,100.18537878329977,97.47739126649908,96.7845059409975,0.9785619446057933
106,723940.550249692,24.228237321808557,49,1460.1861523089465,1.1465313245126758,0.011821300362220604,0.09285912396406162,0.03269171814177364,True,0.011161497905604828,0.03268967930982673,94.5457191422822,100.2030787996804,97.3931727537163,96.73886931653507,1.0576893467229807
107,729881.188869349,24.597517138629172,49,1466.0041529160226,1.2572324630706433,0.01094471484718342,0.1115519468923793,0.03277719659393261,True,0.011173907425478278,0.0327060292601467,102.11808709029013,100.0917952486005,97.13918466068397,96.69050894558467,0.9792584522919773
108,735968.757504332,24.25270780984298,49,1459.5301522399532,1.565605247806296,0.01154958012577382,0.13742064419692754,0.03270249285466147,True,0.011175521934271073,0.03272302366789366,96.77004114192293,100.07733515586695,97.36108396224955,96.64029360023764,1.0333776728315625
109,742048.648138514,24.427372353368565,49,1460.0941522989888,1.4469968383489054,0.011626769217111069,0.1228450000509037,0.032779393553953505,True,0.011189947869271437,0.03273813247093242,96.1275934073089,99.94831675928148,97.13267414044478,96.59569364747888,1.0402840263704296
110,748137.262773606,24.541261401774943,49,1461.0161523959832,1.2730433467832292,0.010721509332890067,0.11224545774336513,0.032838770030974414,True,0.011200026997331306,0.03275311751998287,104.24403031711915,99.85837127216568,96.95704649091223,96.55149964956443,0.959287544915967
111,754214.925407555,24.43820608187251,49,1461.3781524340156,1.3046689508815597,0.011138522901498908,0.1174773748039793,0.03279923422283783,True,0.01121028704566792,0.03276830487188705,100.34125294949708,99.76697738440042,97.07391736544277,96.50675026116039,0.9965990754110479
112,760164.496028144,24.382038505624383,49,1466.5881529769395,1.1069921884206728,0.011063050599877059,0.11560127471902869,0.03287592855712475,True,0.011225583788726741,0.03278345140459791,101.0257825229045,99.63102812353999,96.84745929123112,96.46216244056734,0.9898463285090905
113,766254.172663346,24.43189765003371,49,1462.0881525079021,1.375836510086554,0.01145120171711571,0.12235591240856371,0.0328454546770929,True,0.011229848067063272,0.032800757427931225,97.60140215437396,99.59319551598053,96.93731397233829,96.4112679928508,1.0245754436692118
114,772371.499301433,24.80865283113215,49,1462.7181525740307,1.5260709307221099,0.010857596154511047,0.13129922439947486,0.03283663977405466,True,0.011255292754284468,0.03281256879694737,102.93745761383033,99.3680465336674,96.96333651999642,96.3765633322488,0.9714636657357973
115,778508.403941562,24.777195775572352,49,1462.8241525839549,1.5656062708929461,0.010800355965389224,0.1360967223850425,0.03285856708804008,True,0.011249068401452974,0.03282866498179587,103.48300996047679,99.4230290228593,96.89863054790547,96.3293090506836,0.9663422039351949
116,784652.686582461,25.069977254069236,49,1463.2961526330328,1.5576989970687762,0.010906434567380184,0.13207680066925473,0.032849939520052,True,0.01124747537578956,0.03284240117615666,102.47650935217938,99.43711071065819,96.92407959089361,96.28901972760204,0.9758333938891932
117,790799.497223623,24.976858408105493,49,1464.2161527300486,1.7000298498908322,0.011121894433462147,0.12203841911292551,0.03290933309712161,True,0.011242952492862909,0.03285793485138128,100.4912742725209,99.47711287295448,96.74915450887832,96.24349883997134,0.9951112734809815
118,796940.899864221,24.90282642102423,49,1463.7501526810229,1.8739839385111559,0.011466045552565945,0.14882441729313614,0.03282363119303949,True,0.011255191377075842,0.03287561856690111,97.47504829099098,99.36894155667026,97.00176479172552,96.19172969528877,1.0259035688448819
119,803050.920501545,24.93503453104286,49,1464.1601527240127,1.431184480397235,0.010908663395681906,0.12002993087898227,0.032935293765016804,True,0.011291113277146528,0.03289197500076561,102.45557163176203,99.05280610562016,96.6728936840238,96.14389572773177,0.9760328142472057
120,809171.599139981,24.713043898314936,49,1463.8421526909806,1.60514317605276,0.01128464337901508,0.1395269086396273,0.03296379336174281,True,0.011293793546089715,0.032908380408043066,99.0419729188302,99.02929866687896,96.58931293668397,96.09596630224509,1.0096729393406756
121,815285.493777711,24.66196517243203,49,1465.3321528460365,1.328390601636272,0.011176238468309008,0.12557716375260264,0.03296596712102127,True,0.011303707003986094,0.03292645606624664,100.00263927011319,98.94244903582468,96.58294388600739,96.04321243653519,0.9999736071459955
122,821241.296398949,24.599696212279884,50,1470.1821533510229,1.2414148325700403,0.01115501926390098,0.1048808423042337,0.03307152506402061,True,0.011310531550722258,0.03293213411929856,100.1928654269502,98.88274915659198,96.2746697176498,96.02665297356458,0.9980750574297532
123,827343.333035441,24.382879761419627,49,1463.9581527019618,1.3521130762540103,0.011590357840910457,0.12675478100292156,0.032944317001334496,True,0.011306814618684014,0.03294035818157863,96.42958045679055,98.91525525762617,96.64641560086335,96.00267845664379,1.0370261847179165
124,833477.485675283,24.469058428594895,49,1461.836152481963,1.3442067752078266,0.011405236509143206,0.13689863434809726,0.033023138885155665,True,0.011290658293419726,0.03296326418916272,97.9947538174313,99.05679767224993,96.41573333384093,95.93596667506168,1.0204627902975238
125,839623.77031639,24.411696327894603,49,1463.4461526500527,1.431187546369891,0.011103346752539402,0.1263743034478091,0.03305181540826215,True,0.011278858810897597,0.03298483227732653,100.6591407845075,99.16042685782875,96.33208080309112,95.87323616396097,0.9934517534690293
126,845791.870959774,24.745152303142227,49,1465.26015283796,1.4074613071904523,0.010911298835503534,0.11689937806404241,0.03309772098272592,True,0.011269494583945822,0.03300558587827433,102.43082522003813,99.24282281044356,96.1984710143427,95.81295197775505,0.976268615431327
127,851976.295604859,24.960979525062605,49,1465.8021528939717,1.787002233340509,0.011260555127541632,0.1380743594070547,0.0331176554948362,True,0.01127902039003521,0.03302548000004764,99.25384062189396,99.15900632167374,96.14056626363579,95.75523549538741,1.00751768685711
128,858181.57225212,25.35420690438895,49,1467.2401530450443,1.8660749113042598,0.010766147983367464,0.14545604031823392,0.033053992718032235,True,0.011311088571900316,0.033042999921573016,103.8118132566747,98.87787961772536,96.32573528282389,95.70446455402298,0.9632815069688156
129,864398.168900561,25.41746888768294,49,1468.650153191993,2.324687472148476,0.011031542268668565,0.16962075204459015,0.03308027609855253,True,0.011315658968825887,0.033061079509554406,101.31433273091754,98.83794282232911,96.24920127969789,95.65212817200567,0.9870271778885082
130,870599.20154738,25.606574374119564,50,1470.992153436062,2.411669406158378,0.011618273190104413,0.1568788376015735,0.03302755614289469,True,0.011335006519961778,0.03307614811288969,96.19788807298856,98.66923783309475,96.40283824882798,95.60855163544282,1.0395238598084557
131,876682.752181943,25.58723240850487,50,1476.4521540049464,2.071664336057328,0.011236601025063749,0.14729460223049476,0.03312856549772226,True,0.01134217652899867,0.03309245629125125,99.46542922099766,98.60686362078042,96.10890495142245,95.56143511742921,1.0053744371109028
132,882812.808821358,25.60385767121848,50,1474.5021538019646,2.079570868028771,0.011357008442994025,0.1322445219028438,0.03314611229488849,True,0.011325375173145469,0.03310958864498674,98.4108931108995,98.75314831156834,96.05802708538351,95.51198743846656,1.0161476718066629
133,889000.465466781,25.48332409295636,50,1470.7541534099728,2.158641129043332,0.011400938431411255,0.14053928466667492,0.033192149776206124,True,0.01133260786098586,0.033125087055773876,98.03169718588862,98.6901221569749,95.92479468985718,95.46729973654674,1.0200782276107487
134,895193.132112726,25.369162479041538,49,1468.5261531780707,2.3167808205704397,0.011416781003905066,0.15932802871272644,0.033174625785829186,True,0.011336230618580459,0.03314239223299378,97.89566284583884,98.65858342054781,95.97546550043113,95.41745183996062,1.0214957129666695
135,901373.834757423,25.220394401746297,49,1468.5361531809904,1.7870058119582595,0.011631302553409497,0.13882429951927996,0.033146191167794575,True,0.011328338013346224,0.0331592684421246,96.09012737919443,98.72732018060827,96.05779851083294,95.36888970491859,1.0406896383895001
136,907557.977402478,25.13099457420975,49,1467.750153098954,1.9056099112936558,0.011480392585242645,0.13870839909958288,0.03322731716442895,True,0.011349553352698863,0.03317308631559829,97.35323384147544,98.54277251287911,95.82326905423758,95.32916487380906,1.0271872434960843
137,913759.646049364,24.971359642529418,49,1466.8901530069998,1.7079341092404903,0.011969720565662962,0.1250955450022465,0.033229575215579635,True,0.011345373242984262,0.033189659113256824,93.37338643888091,98.57907978914608,95.81675757036977,95.28156357260198,1.0709689744466055
138,919835.160683088,25.004902283381035,50,1473.6781537180068,1.7553740993524265,0.01149080038233536,0.13036953384152955,0.0333108375359939,True,0.011353257672680871,0.03320563747548147,97.26505611055781,98.510620158742,95.58301105930335,95.23571463092098,1.0281184622089596
139,926159.529342772,25.786461380741628,50,1475.0281538580311,2.3642231150124857,0.012334594362805984,0.13712749967721297,0.03323174217689023,True,0.011360296818773258,0.03322134560383903,90.61127679344408,98.44958032342686,95.81050959199244,95.1906841000242,1.1036153937330908
140,932474.55200148,26.007403176099125,49,1468.0161531260237,2.451202035013967,0.011060652258158343,0.16421057956880467,0.033262416015817795,True,0.011377751894209491,0.03323718383752664,101.04768849582865,98.29854478783169,95.72215533241626,95.14532368961669,0.9896317412464409
141,938752.952656369,25.865816195479834,50,1471.8441535240272,2.490736951707486,0.011433822402302164,0.17157073016523447,0.03319008341190126,True,0.011397797524417068,0.0332524213479589,97.74975547267833,98.12566434540072,95.93076682223295,95.10172452289345,1.0230204610895983
142,945037.497311897,25.87457292087465,50,1471.2441534630489,2.4749199607854813,0.011442969752077894,0.15520463551915467,0.033264634994243515,True,0.011413737334275531,0.03326903491989672,97.67161568701313,97.98862733586625,95.71577001065991,95.05423353478467,1.0238389035715658
143,951115.979945932,25.791915366304067,50,1481.0581544860033,2.3563163608082824,0.011809072443107109,0.12831654659933725,0.03330634483436216,True,0.01141433819123578,0.03328745982685346,94.64361822891824,97.98346916131652,95.59590427685359,95.0016201657312,1.0565952759031352
144,957389.140600274,25.612982155382333,50,1471.2641534650465,2.743764388839793,0.012230924716843915,0.16639227731577588,0.03328669149550449,True,0.011425644395233539,0.033304974715051026,91.37930040595236,97.8865099831359,95.65234661508993,94.95165937849065,1.0943397407378372
145,963545.427242424,25.747091277364685,50,1474.6241538160248,2.2930608123133034,0.011199547987719133,0.15752316895787105,0.03332617764194525,True,0.01144583404269265,0.033321335735852255,99.79450466828045,97.71384505367853,95.53901400891993,94.90503741571827,1.0020591839947248
146,969813.733896259,25.496196446176043,49,1469.678153299028,2.190265989648502,0.011755131311415324,0.1421248437563182,0.033422696476534154,True,0.0114465232306038,0.03333649083074855,95.07791230351657,97.70796176497974,95.26311423834373,94.86189265715703,1.0517689912650328
147,1007908.47786985,25.135374537432778,49,1462.4641525499756,1.9293323467978816,0.011614912194181835,0.1389040173633865,0.0328958196512041,True,0.011443415714221576,0.03335238136699689,96.22572476294097,97.73449484736012,96.78889860040373,94.81669629389685,1.0392231408120032
148,1014147.15452059,25.280575381626637,49,1463.322152639972,1.9846807793424155,0.011173778330785526,0.14844903494271167,0.03302541316471277,True,0.011449753092062687,0.033365464504310334,100.02465691159779,97.68039932084721,96.40909370967603,94.77951713647616,0.9997534908161224
149,1020383.69117112,25.251826600262874,49,1464.9481527999742,2.07166037317797,0.011583680681633382,0.14235179663008773,0.03316819782291282,True,0.011444732506209278,0.033381864659701145,96.48516517855799,97.72324984887132,95.99406544777864,94.73295296683646,1.0364287580374894
150,1026631.78182284,25.338461683506438,49,1465.4401528600138,1.7711931562260617,0.010706507488198187,0.12679058473573715,0.033269087991271276,True,0.011435643974277827,0.03339732234011812,104.39009594632613,97.80091586214475,95.70295865738568,94.68910658606961,0.957945282150823
151,1032639.13844946,25.343480915399528,50,1478.3961542099714,1.652583821855334,0.01095868490164522,0.12982060487913014,0.03341619251907376,True,0.011445254703768457,0.033413592831783676,101.98790767086254,97.71879115888434,95.28165576554487,94.64299845494814,0.9805083975031326
152,1038876.90310011,25.22932336086061,49,1469.7301532999845,2.087476836704589,0.01131419795459408,0.15020790106645612,0.03337662586987275,True,0.01145487014059474,0.033428661690304826,98.78325873636051,97.63676413879625,95.39460834090899,94.60033560571573,1.0123172812302301
153,1044967.81573544,25.305089817260534,50,1475.9861539599951,1.8502617129666952,0.01183796702046296,0.13312177584253926,0.0334140239305563,True,0.01145198340053999,0.03344364185577156,94.41260834830055,97.66137576701799,95.2878395973709,94.55796197049101,1.059180565652224
154,1051258.6344316,25.38614292763981,49,1468.494175049942,2.071662181846037,0.011253739804964679,0.13843204247347707,0.0334337069300599,True,0.01144750613478539,0.03345960706510593,99.31394925711771,97.69957237753913,95.23174200390281,94.51284375812968,1.006907898266748
155,1057520.19917803,25.249217707803073,49,1468.4141750501003,2.1586389867181808,0.011774374819734148,0.14262074958425497,0.03345349989143192,True,0.011453825182962073,0.033475884001958306,94.9225212424742,97.64567175527249,95.17539757964255,94.46688889732602,1.0534907691675248
156,1063782.81792459,25.130200011314347,49,1467.356174919987,1.7632837463351123,0.011302600766612879,0.1253292393751966,0.033495190248822006,True,0.011453087943108531,0.03349271768977552,98.88461664898762,97.65195724623365,95.05693590468674,94.41940913974139,1.0112796439311338
157,1070028.33066911,24.999469870680887,49,1468.2461750300135,1.6842148792616207,0.010964431213707408,0.1435198210526346,0.03356546818228357,True,0.011451935253099926,0.03350890150941299,101.9344571696351,97.66178636532582,94.85790978116329,94.37380732592588,0.9810225383222378
158,1076293.73941601,24.973277213174676,49,1467.38417491992,1.6921210159675049,0.011313581927043312,0.13644935072875924,0.03356761554407633,True,0.011463702166334213,0.033524571286676894,98.78863751112246,97.56154145754716,94.8518416036087,94.3296959030624,1.0122621632856919
159,1082584.21816589,24.848950038771523,49,1467.496174939908,1.7000274570906981,0.011734340763098264,0.13722414702263788,0.033585056892876525,True,0.01146116712415352,0.03353903612620491,95.246368458791,97.58312064055087,94.80258326651474,94.28901304298168,1.0499087947727956
160,1088858.90491389,24.855104192499752,49,1466.9321748700459,1.5102570432591484,0.011224246350165184,0.13291584127806907,0.03364008021962535,True,0.011451579157790527,0.03355509125692681,99.57491212108151,97.66482323068327,94.64751961976806,94.2438985052666,1.0042690250477597
161,1095131.81766167,24.87705960869253,49,1468.7561750898603,1.5576983015121826,0.011803491639874784,0.12179994345371711,0.03354348157813267,True,0.011450181360407373,0.03357140668574883,94.68836663275042,97.67674580466188,94.9200858945188,94.19809674210649,1.056095943685518
162,1101319.52639931,25.30462148626652,50,1474.272175739985,1.676304875597829,0.01092533730605408,0.11764279324013438,0.03364444690342316,True,0.011443775015342694,0.03358600036277066,102.29920712138933,97.73142626959418,94.63523539968227,94.15716609883022,0.9775246820475725
163,1107630.35515161,25.25405292354999,50,1470.2761752700899,1.7158428303237159,0.011465156514404086,0.12828820759918308,0.0336908250305818,True,0.011427694592569674,0.033601149227999894,97.48260676065958,97.86894855284167,94.50496239576887,94.11471593708369,1.0258240237725282
164,1113777.82388445,25.344400332973606,50,1479.0581763200462,2.000495319493627,0.011810198167827633,0.14105410656753636,0.03364656922332821,True,0.011418873595843641,0.0336155286389873,94.63459698649994,97.94455160313545,94.629266106276,94.07445733532388,1.0566959980747879
165,1119993.53862541,25.49885170933684,50,1477.866176179843,2.198174817964702,0.011747805001758826,0.13942944433632487,0.03364438969212331,True,0.01140111425431934,0.03363128294091523,95.13720595257908,98.09711833508497,94.63539632412996,94.0303889182144,1.0511134830352242
166,1126309.1993783,25.42986695149433,50,1471.3761754001025,2.0242185249092195,0.011822683105975663,0.13657646386119562,0.03363568012008479,True,0.011413148203795532,0.03364751796464095,94.53466137294679,97.99368536946277,94.6599010702429,93.9850189864224,1.0578130652052256
167,1132525.89611939,25.32192117878161,50,1474.8561758100986,2.047937547553939,0.011719364870161848,0.14070361626017194,0.03369723168888102,True,0.011417746390896917,0.033666286581459086,95.36808148952468,97.95422107548946,94.48699471797146,93.93262328178378,1.0485688539937648
168,1138860.3148745,25.30885654455852,50,1470.3401752798818,1.8818915880502054,0.011152538138434765,0.14608918365903906,0.03384900335191527,True,0.011422751521504222,0.033680488352822245,100.21515551615306,97.91130027229272,94.0633353217298,93.8930154938736,0.9978530632418816
169,1145192.32962934,25.139357773161258,49,1469.6781752000097,2.182359883982521,0.012042661956451583,0.1506087671227532,0.03371689049111538,True,0.011435824866265947,0.03369615930554256,92.80783168909849,97.79936884631363,94.43190360144727,93.84934900377809,1.0774952727055382
170,1151515.19438308,25.090799084094222,50,1470.1181752500124,1.976774883980557,0.011938335416096664,0.12954115490266258,0.03376970582587946,True,0.011446989198214621,0.033711911725302746,93.61885932909179,97.70398440947487,94.28421346085689,93.80549642277427,1.0681608452793887
171,1157814.01113396,25.14003764420416,50,1470.008175240131,1.6683990356941756,0.011319791962483642,0.126629661358347,0.033736703201454006,True,0.011461343645035283,0.033721122325299155,98.73444208579315,97.58161772265275,94.37644613894393,93.77987435430691,1.0128177949105341
172,1164120.23588572,25.006412570621606,50,1470.0461752400734,1.5260688416516892,0.01101775513281573,0.12366907381952354,0.033776384469686435,True,0.01144143650683313,0.03373223056844795,101.44111304617797,97.75140153859529,94.26557053361016,93.74899203110337,0.9857935989871573
173,1170232.35461434,24.886086698181646,50,1477.858176169917,1.4153728953613722,0.011478225533797652,0.1163109183555466,0.033738765067006425,True,0.011437428649142555,0.03375384679269967,97.37161381366276,97.78565519109353,94.37067854363134,93.6889544523479,1.0269933505099544
174,1176551.30936762,24.907432672618487,49,1469.3281751500908,1.478625933956689,0.011334307962386454,0.121896649363843,0.033780724926265444,True,0.011448468934432394,0.0337760157604302,98.6079915643782,97.6913559850821,94.25345843072635,93.62746148577976,1.014116587596938
175,1182886.83612287,24.979022998763465,49,1469.5801751799881,1.2255994598013835,0.010941721380639358,0.11365687090268031,0.033811480586421735,True,0.011450950787535262,0.03379548035086556,102.14602484035835,97.67018258215045,94.16772342930749,93.5735365179319,0.9789906173181241
176,1189227.87887878,24.845990812549704,49,1469.8421752101276,1.4311882195573915,0.011593493956561387,0.1195231372519204,0.03388161048320556,True,0.011468055264984867,0.03381309208249136,96.40349562700443,97.5245085862659,93.97281024099438,93.52479823607321,1.037306782961125
177,1195583.62163644,25.04714360619997,50,1471.8581754600164,1.5972343967487568,0.011401686113643988,0.13288552285125593,0.0338662327673045,True,0.011475162367557145,0.03382820315743806,98.02526861405283,97.46410711536443,94.01548068468497,93.48302066281747,1.0201451251184732
178,1201814.66637924,25.20877847867902,50,1477.4781761199702,1.7316534938918124,0.011113331384749531,0.13424217986517972,0.03388164393363989,True,0.011482128764313128,0.03384382507586814,100.56870485089537,97.40497403529102,93.97271746417032,93.43986998111649,0.9943451102737807
179,1208180.72313813,25.23455042850778,50,1471.0981753598899,1.7711889254193487,0.010537807429882813,0.12150617891529378,0.03386821839408489,True,0.011471309073610962,0.03386048432432855,106.06127995598578,97.49684599908798,94.00996874266174,93.39389786815985,0.9428511513019051
180,1214482.35988934,25.060649927445507,50,1474.6281757901888,2.111196844465102,0.011353813725679323,0.15055842088198146,0.0339103998780236,True,0.011471885038160955,0.033876410756825445,98.43858380512548,97.49195101218349,93.89302880680545,93.3499902765116,1.015861830286186
181,1220855.55664908,25.14254064576278,50,1471.9321754700504,1.7079342412029384,0.011580673957573671,0.12782277251398622,0.03388607422157274,True,0.01146054325397075,0.03389152140466595,96.51021590260137,97.58843270979229,93.96043140844499,93.30836987204111,1.0361597368715392
182,1227232.31340925,25.20835295682704,50,1471.7261754400097,1.7949117360874354,0.01117781383462508,0.14005680166367926,0.03395394029923325,True,0.011462594507434691,0.03390654624401748,99.98854520916751,97.57096907095321,93.77262622651963,93.26702259775988,1.0001145601815027
183,1233603.46016874,25.010214621227426,50,1470.112175259972,1.6921186794989325,0.011957121017942513,0.11142436962629566,0.03394527093534763,True,0.011471394889894621,0.03392075967031692,93.47177654771156,97.49611663556485,93.79657504168202,93.22794198857702,1.0698416528331527
184,1239970.51692776,24.943608303001,49,1468.5561750598717,1.80281811481602,0.011271651280196072,0.14475247683408562,0.03392985659213489,True,0.011461313048444532,0.033935181269687385,99.15613215489986,97.58187822202221,93.8391868516066,93.18832245571502,1.0085104949317378
185,1246340.65368714,24.870103326280667,49,1468.9501751100179,1.533978570171044,0.010927794719392427,0.13403051241052052,0.03399343745264562,True,0.011461152795172614,0.0339501627521072,102.27620234846509,97.58324264107713,93.66367131988189,93.14720043739668,0.9777445546359361
186,1252724.16044811,24.858793058476007,49,1469.4521751699504,1.692119918853244,0.011560014886868617,0.13886694032824323,0.033978278037718086,True,0.011455512974370263,0.0339654886987736,96.68269071285067,97.63128518644714,93.70545938387964,93.10517045105709,1.0343113040994758
187,1258934.91918849,24.84094976855662,50,1476.5901760200504,1.4944384748584874,0.01115366898694393,0.13680004048501299,0.033971594692541844,True,0.011447639050180194,0.033981586202317005,100.20499489910912,97.69843801462135,93.72389437156946,93.06106536419261,0.9979542438552026
188,1265293.14994645,24.762679015005002,50,1471.4481754000299,1.613047724741051,0.011149619004239055,0.1350700716136526,0.034002167342271086,True,0.011458057597565276,0.03399524072964304,100.24139331739849,97.60960307927243,93.63962363185341,93.02368645959503,0.9975918790196852
189,1271421.59867701,24.871589189396115,50,1483.0981767999474,1.3837416154311981,0.011040929549307575,0.1158279624756605,0.034044187496351366,True,0.011461741169405662,0.03400922496253452,101.22819269444219,97.57823332663713,93.52404585771937,92.98543610554232,0.9878670877480286
190,1277780.099435,25.045851416329466,50,1475.6321759100538,1.7553763156572302,0.011428867945066654,0.134589576900156,0.03403521157521476,True,0.011444294653230595,0.03402480825448257,97.79213035928991,97.72698869144129,93.54871044539617,92.9428489677424,1.0225771700407098
191,1284189.99419912,25.283240975093776,50,1475.1021758499555,1.921426307184202,0.011674383681444168,0.13022873366246068,0.0340904022258295,True,0.011441079444190861,0.034040779083241365,95.73553297888611,97.75445224494597,93.39725977727412,92.89924319944937,1.044544243954951
192,1290547.48895699,25.38344368264866,50,1476.7681760501582,2.29306126760898,0.011668329944472743,0.1483465707227127,0.0341472828696262,True,0.01144403251356554,0.0340558445888877,95.7852022750263,97.72922724852788,93.24168381870483,92.85814675653754,1.0440025968513038
193,1296986.36372456,25.561217660074483,50,1474.9181758200284,2.1111955295512495,0.011698231413050387,0.14360999789658332,0.03398892533376469,True,0.011443571313109288,0.034070645739111415,95.54036883697044,97.73316594589456,93.67610541762605,92.8178068290186,1.0466779763609066
194,1303434.38449323,25.524082061749624,50,1475.1801758501679,2.6488768688991478,0.012475813025955075,0.15423192009370607,0.034105563423098194,True,0.011449695279780564,0.034082657829637264,89.58561190504112,97.6808925328206,93.35574120558914,92.7850941249914,1.1162506767387244
195,1309868.92526028,25.330860574618658,50,1473.5701756700873,2.5460896766518744,0.01280030564622636,0.14834764753293841,0.034090064903273855,True,0.011428819110166848,0.03409763541566339,87.31458254456305,97.85931891798583,93.39818394689503,92.7443377290637,1.1452840636787964
196,1348721.87589191,24.8649001246244,49,1464.2001745400485,1.6446798878384392,0.011931624775572842,0.133091010310781,0.03379591824176203,True,0.011422773965864243,0.03411122938439166,93.67151288826958,97.91110788850924,94.21108578322679,92.70737736001321,1.067560422925312
197,1355113.85265388,25.156911918912414,49,1465.8341747401282,1.6288638350415603,0.010739867263105543,0.12995950166838732,0.033989216877122794,True,0.01144281812259089,0.034127288921415554,104.06584332587805,97.739598949822,93.67530190848824,92.66375134675063,0.9609300873285469
198,1361511.31541652,25.280244301049365,49,1467.670174960047,1.5893262477981906,0.011410511451962601,0.13222316758419334,0.03399824708804172,True,0.011442582979215837,0.03414283843854045,97.94945201609103,97.74160748401528,93.65042098648256,92.62154991727614,1.0209347562110604
199,1367888.1701767,25.254985743492654,50,1470.982175359968,1.8977036388711888,0.011736832880567278,0.12258480754501,0.034156030518970044,True,0.01145079823576023,0.03415885754682802,95.22614450731179,97.67148378049609,93.21780383201191,92.57811419534505,1.0501317724501231
200,1374283.75693911,25.141293038412332,50,1470.590175309917,1.8423553722431976,0.011710255189879653,0.13392730581235435,0.034160891935116185,True,0.011458394007810535,0.03417435636739551,95.44227054154865,97.60673733120258,93.20453806197531,92.53612798893447,1.0477537819212097
201,1380700.62170406,25.139709892932437,50,1470.2181752601173,1.881889378740567,0.011578835838128066,0.13181620538887404,0.0341672863041867,True,0.011458481343590328,0.03418971512436489,96.52553672647606,97.60599337916722,93.18709493786795,92.49455876569,1.0359952744777206
202,1387115.15246873,25.04844489653927,50,1470.238175259903,1.6604918190217646,0.011321147132831298,0.12793354434305781,0.034186857341355514,True,0.011471090339977716,0.03420319112423793,98.72262331984682,97.4987050934481,93.13374788462839,92.45811606484212,1.0129390463123082
203,1393255.85720076,24.926354512624332,50,1482.5081767300144,1.8423545295560189,0.011669484189149324,0.12364372419796786,0.03417334370980699,True,0.01148054570551272,0.03421683466571564,95.77572802937591,97.41840526106247,93.17057703322834,92.4212495295882,1.0441058707941462
204,1399617.41595911,24.902501903080367,50,1473.2341756299138,1.5814195256894124,0.011286162794652395,0.1308665508997017,0.034263645602037526,True,0.011486783657595367,0.034230738146118274,99.02863925307138,97.3655017362725,92.92502582994918,92.38371084064329,1.0098088862909762
205,1405821.68269872,24.74488218877863,50,1478.0661762000527,1.3283914118243167,0.011283113997014383,0.11660933969153835,0.034245954987401246,True,0.01151314122433562,0.03424564475046906,99.0553976711402,97.14259838954837,92.97302860349218,92.34349762708013,1.0095361006681403
206,1412232.01546289,24.714451611125327,50,1470.4561752900481,1.4390922996029332,0.011195943826033821,0.12399429859570213,0.034224142931297726,True,0.011516552826130365,0.03426023163461439,99.82663018942623,97.11382138760905,93.03228305787206,92.30418079128559,1.0017367081839752
207,1418586.75422043,24.64373242547066,50,1473.4961756500416,1.3363004918480463,0.011407214693273719,0.11912227642979172,0.03426145705575019,True,0.01151277556476959,0.03427798990190708,97.97776004006428,97.1456837550339,92.93096167558323,92.25636111692852,1.020639784724244
208,1425026.65698812,24.5595599120828,49,1469.9421752300113,1.304673377869495,0.011413250719163808,0.12626823917325428,0.034290352923554916,True,0.0115210265388386,0.03429223917039646,97.92594340072054,97.07611126382602,92.85265041440928,92.21802633065585,1.0211798471611055
209,1431469.50375617,24.593030919329486,50,1470.246175270062,1.3125813279546357,0.010799408013088842,0.12213529950898162,0.03430311711196984,True,0.011517681260683116,0.034308139079369734,103.49209350998466,97.10430674754191,92.81809994714865,92.17528841878718,0.9662573876274628
210,1437897.54052245,24.264964822867437,49,1469.2081751399674,0.8302456229536688,0.011726167846230344,0.10834963138396939,0.034349112496287255,True,0.011519075580168445,0.034324151200545466,95.31275337341894,97.09255281589478,92.69381131584433,92.1322889028211,1.049177537902741
211,1444353.71729209,24.490872731135788,49,1469.9861752300058,1.0674570912687464,0.010936615489245386,0.10334459521617027,0.034421703499611545,True,0.011533564597670859,0.03433771362396572,102.19371294914062,96.97058049023688,92.49833183396903,92.09589926062009,0.9785337769733691
212,1450806.22606128,24.3556904579111,50,1470.7841753300745,1.027923802058364,0.011401921506181153,0.12347918908980385,0.03436445425884636,True,0.011534467170986712,0.034352562138345526,98.02324488351996,96.96299253172297,92.65242883285205,92.05609182852854,1.0201661864375522
213,1457266.61683142,24.64738262274955,50,1472.158175490098,1.225602524949533,0.011456683222693383,0.112231505696927,0.034340827797051075,True,0.011541944614248886,0.034368182779878506,97.5547042907865,96.90017510368824,92.71617362907526,92.0142515246466,1.0250658914098036
214,1463658.5895934,24.717554377968472,50,1475.4501758799888,1.2967636163647178,0.01165301867826374,0.11128080836604606,0.03440402090804751,True,0.011536591520985646,0.03438317017840075,95.9110574522476,96.94513774916379,92.54587308580543,91.97414311549844,1.0426326491587592
215,1470005.04834995,24.91388591787672,50,1477.8101761699654,1.6288633467633638,0.010920425842899237,0.1206538880559729,0.03444131711267842,True,0.011555165431977474,0.03439798479891084,102.34521620508023,96.7893069763165,92.44565595969895,91.93453143373969,0.9770852378158448
216,1476372.80910905,24.75226122004006,50,1477.2401760998182,1.4865356437006554,0.011583829340732441,0.12395791185181555,0.034458901958821994,True,0.011551665373109974,0.03441414453594685,96.48392695263924,96.8186333341376,92.39847968465004,91.89136203718688,1.0364420590399637
217,1482816.60187721,24.491270953344056,50,1473.4201756401453,1.2097848453195255,0.011973289644084197,0.11550251877171508,0.03440402090804766,True,0.011545769484490206,0.03442873838598734,93.34555307406949,96.86807411668771,92.54587308580504,91.85241060241304,1.071288311246119
218,1489251.29864428,24.43808473038763,50,1472.048175479984,1.1860675569540682,0.011695843646892985,0.13020727305220983,0.03445209035029071,True,0.011555088977382692,0.03444332884745307,95.55987389075383,96.78994738568578,92.41674801803993,91.81350120827858,1.0464643353273686
219,1495731.59541679,24.499408376225578,50,1471.1321753698867,1.0911778971085973,0.011464860438669995,0.11596397709725083,0.034461619968733564,True,0.01156118807222606,0.03446003378702627,97.48512421253021,96.73888593202705,92.39119215771937,91.7689934460643,1.0257975329347881
220,1502222.36019055,24.344064912055853,50,1470.8721753398422,1.225600123372935,0.010977977306151913,0.1257303015101349,0.03448074737844752,True,0.011547956216727271,0.03446945598298046,101.8086768422039,96.84973108382215,92.33994024699464,91.7439084711464,0.9822345503030913
221,1508709.47296387,24.529704047860356,50,1472.7301755698863,1.3679275813952003,0.011630033056663823,0.1283157657995634,0.034462998231021315,True,0.011534637407437107,0.034483628879574776,96.10061626632012,96.96156148234664,92.3874972007392,91.70620139186941,1.0405760524774215
222,1515193.3057368,24.255189760717737,50,1470.9301753500476,1.0911824627013473,0.012342043955542673,0.11519903600357344,0.03455573958967262,True,0.011541780197817922,0.03450214415797455,90.55658430394283,96.90155547835118,92.13954585851555,91.65698804901218,1.1042819324922448
223,1521691.57251145,24.46797139269678,50,1471.7381754501257,1.1702489743973956,0.01100576282068799,0.11308161800779697,0.03456940984305612,True,0.011561084872113627,0.03451764326928515,101.55164727356913,96.73974947243137,92.10310986078679,91.61583223054905,0.9847206086737885
224,1528193.49128655,24.394260350104755,50,1473.436175639974,1.336298981999981,0.011897203617561785,0.12137254655161012,0.03455573958967262,True,0.011564287322585822,0.03453374124199221,93.94252463606402,96.71295973193669,92.13954585851555,91.57312532669964,1.0644806524250618
225,1534723.42206497,24.705556740299482,50,1474.8461758100893,1.5023488405919423,0.011721692336952055,0.1229101195335434,0.03457116477520777,True,0.011568502022606788,0.03454769971661268,95.34914514175749,96.6777247367218,92.0984344409734,91.53612659288306,1.048777099851109
226,1541225.58284009,24.892824786597842,50,1474.4321757601574,1.7158413825575458,0.010946175505408585,0.1389742885005147,0.03459477719185972,True,0.01157946126470719,0.03456244856219964,102.1044604474711,96.58622526477876,92.03557331615816,91.49706535003399,0.9793891420297068
227,1547615.64360184,24.6683425539209,50,1480.094176440034,1.3600206803666843,0.01223655277231828,0.12042769768360416,0.03456888647673065,True,0.011582654381909224,0.03457747886607871,91.33727159428763,96.55959828211974,92.10450428424339,91.45729296808616,1.0948433007638583
228,1554102.99037519,24.696797694077986,50,1477.8261761700269,1.4469986086966422,0.011883909755929166,0.11833961230172921,0.0345620533826676,True,0.011597435180081323,0.0345924929890206,94.0476128561515,96.43653418116763,92.1227138140545,91.41759790936372,1.063291208337289
229,1560543.0771429,24.688775660202033,50,1477.174176099943,1.1860632439248207,0.011431466940964582,0.11124618797160103,0.03459072143417441,True,0.01159742021813951,0.03460739143422656,97.76989687456165,96.43665859485498,92.04636447541483,91.37824273069035,1.0228097104710503
230,1567051.70591879,24.528883824189815,50,1473.3241756400093,1.5102550234248824,0.011882043333635722,0.13667442219522072,0.034628455215975046,True,0.011598249088266854,0.03462103475034886,94.062385783362,96.42976673860308,91.94606380040652,91.34223276561377,1.063124213597643
231,1573560.40869469,24.463933373292186,50,1472.9501755898818,1.193973326996531,0.011527805417211257,0.11803951544865972,0.03465433096943501,True,0.011595789683804607,0.034636562761128635,96.95282870357856,96.45021897213587,91.87740936063068,91.30128288312068,1.0314294203915666
232,1580087.94547283,24.438787472738728,50,1472.366175520001,1.2809488416466834,0.011388033628174258,0.14055756150250276,0.0347917458535001,True,0.011609544522765646,0.034653015346310274,98.1427857025262,96.33594599380177,91.5145266352666,91.25793479006684,1.0189235938152188
233,1586528.58424061,24.3838856149366,50,1475.7701759298798,1.1228068405821645,0.011598613512144527,0.1216546119074433,0.03468065299219197,True,0.01163527311351504,0.03466843315157565,96.36094372597293,96.12292236257724,91.8076759775659,91.21735040422621,1.0377648458843505
234,1593021.76501466,24.22710477323614,50,1474.2621757499874,0.9014085022979579,0.011786511832012826,0.0970603276824606,0.034756166292984364,True,0.011643454172321115,0.0346834968559336,94.82477597039855,96.05538336007663,91.60820919539252,91.17773296874925,1.0545767062636866
235,1599554.83779346,24.52778744671108,50,1475.248175859917,1.1781549952335943,0.011342761573947781,0.10280263787819323,0.03474647477209699,True,0.011660912143983768,0.0346980991093927,98.5345003204608,95.911575385191,91.63376064712094,91.13936198011274,1.014872959114096
236,1606065.44056958,24.32550150042979,50,1473.2281756298617,1.0516439999999996,0.011666734612015497,0.11178319763425218,0.03468512104707889,True,0.011661094236271076,0.03471222445685253,95.79830013378412,95.91007769056756,91.795849530867,91.10227489694881,1.043859857381634
237,1612571.04734511,24.42343031149528,50,1476.4841760101262,1.012109342999981,0.011606046125977197,0.10981566824422415,0.034735552271087974,True,0.01167605869108304,0.034727768613737886,96.29923333162392,95.787155901496,91.6625746367566,91.06149749862638,1.0384298654869524
238,1618904.74610015,24.734662521455384,50,1485.9521771299187,1.40746421201764,0.011535018593314824,0.11770396371657955,0.034768247410724144,True,0.011686916310644939,0.0347437957426736,96.89220133470869,95.69816574617612,91.57637757764815,91.01949131218957,1.0320748062025185
239,1625246.37885613,24.841990197020284,50,1484.2261769301258,1.3204871752175045,0.010876611247813816,0.1179582567568315,0.034766524666905385,True,0.011694240759356678,0.0347614131501498,102.75749665758394,95.63822715578456,91.58091535184121,90.97336178748363,0.9731650066202197
240,1631744.42363075,24.644973878026224,50,1478.834176289849,1.391649391072999,0.011988199009890748,0.12120530977105747,0.03479973314236575,True,0.011679509121305467,0.03477727311826255,93.22946199182704,95.75885788877902,91.49352207880497,90.93187392809475,1.0726222996312191
241,1638297.46441193,24.904142531626665,50,1476.1861759801395,1.4786295588424991,0.011250364942824217,0.11773710866937798,0.03485935816405154,True,0.01169489353434806,0.03479212746094037,99.34374125845021,95.63288890770866,91.33702742355672,90.89305097260917,1.0066059386156734
242,1644869.79919542,24.88277641311526,50,1476.1241759599652,1.6367726709096395,0.011373693361835961,0.14028744419113617,0.034834688577894214,True,0.011695999459414148,0.03480900974053874,98.26652683404632,95.62384625946365,91.4017114141238,90.84896807822331,1.017640524569837
243,1651439.75197861,24.821235634031876,50,1474.7121757999994,1.6367731977936124,0.012143624081989586,0.11437034092903889,0.03489139640437831,True,0.011681774961993291,0.03482596425665951,92.03622710955608,95.74028414316844,91.25315925154625,90.8047395743839,1.0865286752358834
244,1657996.35676022,24.569020150464144,50,1474.2281757399905,1.4944413816467552,0.01200928525006215,0.13025539541147174,0.03484087725199808,True,0.01168159773130875,0.03484159549761956,93.06576708528794,95.74173669413682,91.38547601911964,90.76400117695032,1.074508952614254
245,1697171.7708663,25.033063719564694,49,1466.866069670068,1.7158429853517703,0.01180098839551691,0.12040951743231477,0.03458609541676172,True,0.011698947348248145,0.0348579974724336,94.7084520791203,95.59975106010417,92.05867601505835,90.72129336326988,1.0558719704500497
246,1703727.9651777,25.138331210712874,49,1468.9080697700847,1.842355851264852,0.0121210463724279,0.1370378500221246,0.03481288262958429,True,0.011717091758102963,0.03487318985078115,92.20766174819914,95.45171082101895,91.45896323712685,90.68177096171007,1.0845085757421662
247,1710275.98548872,25.167931365298696,50,1470.7560698499437,1.7711929905883927,0.012295907084994387,0.12535207896076506,0.03474019744015056,True,0.011728084455765186,0.03489020262762947,90.89637195673215,95.36224422463188,91.65031828281292,90.63755371396155,1.1001539199238464
248,1716459.1477824,25.304093907584246,50,1488.6080707099754,2.0479404918725805,0.011724405652186517,0.128824602412272,0.034779671553963415,True,0.011719761787178457,0.03490557962143472,95.32707900930004,95.42996474393772,91.54629731501089,90.59762505163597,1.0490198687961365
249,1722887.22208772,25.182799133499017,50,1478.228070209967,1.7158417145512566,0.011573836426044546,0.11919235413989201,0.034819243696101565,True,0.011731866793865694,0.03492038442696841,96.56723171134666,95.33149956514858,91.44225475965875,90.5592153879764,1.0355479611755802
250,1729486.00040114,25.04239003138674,50,1471.358069889946,1.9214265687826213,0.011951782581636487,0.13331630515226298,0.03486791272461387,True,0.011749108588125157,0.03493573025430275,93.51352706669086,95.19160077285981,91.31461862212232,90.51943645469629,1.0693640059553957
251,1736056.57471323,24.708457394329244,50,1471.976069909986,1.6525857025350135,0.012269176537000185,0.12644445981486552,0.03491308306005118,True,0.011770382102189551,0.034951230342506114,91.09440560844145,95.01955369399082,91.19647632152984,90.47929311108815,1.0977622527654778
252,1742635.09302569,24.785650135516715,50,1472.3820699399803,1.2967649263863557,0.011741684815431792,0.10088613472354231,0.034933831802019685,True,0.011790060473169812,0.03496784694282511,95.18679486900936,94.86095993340543,91.14231071592562,90.43629766292027,1.0505658904963568
253,1749228.59733887,24.813170606453607,50,1473.2080699701328,1.5418865043051788,0.012074967839608375,0.1335774549540542,0.03495257761139153,True,0.011793257791028296,0.0349845924265817,92.55952966408204,94.83524179456352,91.09342915985309,90.39301004833112,1.0803857828359311
254,1755812.89365431,24.663823610855474,50,1473.2720741000958,1.5814207136834924,0.011668721130116895,0.128579013759447,0.03493316441531097,True,0.011792563240966471,0.035001667551153214,95.781991143692,94.84082733366182,91.14405196003538,90.34891295196526,1.0440375974752396
255,1762418.37598651,24.71816575263102,50,1472.3220740500838,1.4865358536671707,0.011328435171146903,0.1375266197371655,0.03495945472427485,True,0.011791313000438168,0.035017285792982446,98.65911108267528,94.85088336780034,91.07550954983051,90.30861596321992,1.0135911302835066
256,1769031.37231909,24.642969212913915,50,1472.786074070027,1.1465288413140513,0.01115768436943975,0.10338274414337523,0.03503788353716989,True,0.011792609391312605,0.035035629384157704,100.16893352927742,94.8404561743311,90.87164609186146,90.26133311544605,0.9983135128999534
257,1775675.41665323,25.060944121642038,50,1477.7480743199121,1.7632827940242741,0.011897440613046909,0.13883257995040443,0.035063224775561154,True,0.011805032778197694,0.03505342091151529,93.9406533130691,94.74064792292259,90.80597044276301,90.21552055462611,1.0645018571649936
258,1782164.25497956,25.23057661665964,50,1484.866074680118,2.071658615846964,0.012719372821492804,0.1284517790269984,0.035047765124284515,True,0.011804397019332375,0.03506734647369698,87.87016149526585,94.74575044588283,90.84602516898887,90.179695151008,1.138042746404222
259,1788602.21930334,25.364003959929146,50,1486.4740747499745,1.953055805168244,0.011830484718273637,0.1338989082684255,0.035058601845810757,True,0.011808045292785676,0.03508498779947539,94.47232049729249,94.71647731916339,90.81794438354136,90.1343512737392,1.0585111002742946
260,1795261.26563823,25.43764164191159,50,1478.2120743400883,2.3167815271725374,0.0116897645678841,0.15240996743778126,0.0350478320383838,True,0.01180526542732806,0.035101492392197654,95.60956830676089,94.73878084678734,90.84585172374008,90.09197043302059,1.0459204207910173
261,1801919.67997309,25.33766961558938,50,1477.222074290039,1.8265379331932579,0.011735454552883063,0.13092193431162855,0.035069505216738205,True,0.011808742358351504,0.03511853667948906,95.23732880619377,94.71088624156579,90.78970840677573,90.04824556370946,1.0500084490877841
262,1808572.13630765,25.246697291145285,50,1477.3660742999054,1.8818906882248179,0.011699802684655496,0.13111449960316493,0.035214455500764665,True,0.011825494395688432,0.03513668267088649,95.52753786257358,94.57671846392844,90.4159984108919,90.00174104008502,1.0468185630295987
263,1815207.28464134,25.19297749211543,50,1476.3920742501505,1.7790980000000012,0.011955660103838011,0.12828990076445299,0.03518183783456794,True,0.011847787813393698,0.035154403645876874,93.48319827060644,94.39875795998304,90.4998245847512,89.95637208380492,1.0697109402010851
264,1821856.71305557,25.091253164658546,50,1476.704154030187,2.047939545184107,0.011830230106992032,0.1265271606612531,0.03523931557833725,True,0.011857402059559258,0.03517175142973828,94.47435373911284,94.322217340698,90.35221315577533,89.91200284893803,1.0584883193930161
265,1828503.10774884,24.982563276768815,50,1476.046153960051,1.7395605768964089,0.010901705137651964,0.1423817651054096,0.03521287928179753,True,0.011876561741506171,0.03519086661423501,102.52096620031965,94.17005346329739,90.4200456633329,89.86316391178515,0.97541023676719
266,1835161.72644339,24.952062757366864,50,1476.3341539900284,1.6842128680413957,0.011705030908071592,0.12336079566739637,0.03519888858924739,True,0.011892904650210506,0.03520846444161113,95.4848690892694,94.04064751649987,90.45598540773811,89.81824867702352,1.0472863488095088
267,1841668.62712211,24.865699393780908,50,1482.2221546100918,1.8502633937948865,0.01164023151910287,0.15006003896314643,0.0353198982183392,True,0.011912898297402054,0.03522658854928516,96.01641875497742,93.88281728231416,90.14607383393745,89.77203711702991,1.0414885413529438
268,1848255.82780921,24.858957491914484,50,1479.5601543299854,1.5260732280247566,0.011247840275620593,0.1171218932826656,0.03526870123020676,True,0.011924039279857421,0.03524544592943592,99.36603975125368,93.79509979030878,90.27693228098198,89.72400636053976,1.0063800486100503
269,1854912.52250355,24.72777222063633,50,1476.6841540301684,1.3837410102684977,0.01168680488198131,0.12190120060053508,0.03524928363925302,True,0.011924659142970308,0.03525694721438506,95.63378145093048,93.79022416897382,90.32666266874052,89.69473719671635,1.0456556082785944
270,1861586.31519968,24.812576068312474,50,1479.966154380003,1.5497911092092878,0.012349690902579204,0.11502241518540397,0.03529812068425013,True,0.011948306312571762,0.035269408555630856,90.50051153180269,93.60460176527393,90.20169036982828,89.66304636962474,1.1049661291683857
271,1868257.87589558,25.068443629347772,50,1479.1961542998906,1.6842131315102513,0.011903342208747541,0.12146848243887591,0.03525555867417221,True,0.01197352392577003,0.03528853606693989,93.89407817929705,93.4074597496461,90.31058568730282,89.61444614063862,1.0650298917051846
272,1874933.83659194,25.221993118983242,50,1482.1381546000484,1.9372398164439595,0.0121906606374372,0.12470365190749104,0.03533064985028586,True,0.01198180043779954,0.03530498063288898,91.68111369705296,93.34293789683463,90.11864106914524,89.57270498561934,1.090737185474104
273,1881668.77929445,25.747112940515287,50,1483.6821547599975,2.617249397081345,0.011917587857619417,0.16789400747965416,0.03533996627374025,True,0.01198493718887117,0.03532287846293308,93.7818422063073,93.31850776792675,90.0948837340411,89.52731918694764,1.0663044952248695
274,1888388.7499954,25.69960511735306,50,1479.0861542799976,2.324687191736732,0.0116231181617371,0.13396329367068083,0.03532445492527418,True,0.01199770709612561,0.035341451201077574,96.15778901933079,93.2191830653172,90.13444536746375,89.48027054011712,1.039957354832188
275,1895099.02469533,25.588720589401355,50,1479.3501543099992,2.490737076249765,0.0127765351247944,0.16248696905817292,0.035338376783723896,True,0.012001043859986238,0.03536031884028285,87.47702980709751,93.19326445316992,90.09893612498979,89.43252545421541,1.1431572395127356
276,1901775.47139174,25.39546855086068,50,1479.2501542998943,2.190269774836139,0.012806641554236232,0.13606343712686267,0.03536166927357966,True,0.012004337461958836,0.03537826823249632,87.27138486774983,93.16769523532606,90.03958857158473,89.38715128650688,1.1458509575228335
277,1908461.35608913,25.457492276144247,50,1478.722154239891,2.2377097751718367,0.011949772425401906,0.13215571455043293,0.035442223808128295,True,0.012000259450294431,0.03539592090911141,93.52925764236704,93.19935612978331,89.8349429153866,89.34257206848747,1.0691841508828217
278,1915165.58278844,25.2063954402769,50,1478.478154210141,1.960961636275357,0.012399615983101074,0.11760116943996562,0.03542290614831686,True,0.011994686419059446,0.03541360966967308,90.13612562407349,93.24265888107213,89.88393383835472,89.29794630511502,1.1094330849333391
279,1921727.02547285,25.207378806767963,50,1484.9801548898686,1.945145515048175,0.01184848770277594,0.1274733236891838,0.03543288473581486,True,0.012008565242236072,0.03543302404199236,94.3287761256837,93.13489426897864,89.85862077945033,89.24901840173143,1.060121884564842
280,1928426.64617167,25.290086877030294,50,1479.900154370116,1.6842099360293332,0.011367704674021052,0.1098605959807889,0.03538725176746484,True,0.012033480750027062,0.03545157424548336,98.31829520494792,92.94205703160935,89.97449628244078,89.20231843175944,1.0171046976211435
281,1934957.40685288,25.333813200194722,50,1486.8061550899874,1.8897985917208153,0.011948159268231997,0.13396393689561967,0.035563978365913525,True,0.012053649961418358,0.0354698407500948,93.54188531071117,92.78653832968816,89.5273897604559,89.15638040309827,1.0690398165794102
282,1941698.79355607,25.134238710579506,50,1479.3121543000452,1.810726529881034,0.012161398148351018,0.12252471252771115,0.03556169886467179,True,0.012084342318023808,0.035489715794282846,91.90171477895511,92.55087490277971,89.53312845693677,89.10645081193364,1.088118977492183
283,1948428.67025805,25.360414554775133,50,1480.0601543798111,1.8897943080111048,0.01135560992604284,0.12857081519545588,0.03550194952476627,True,0.012105116511098076,0.035507802161774744,98.42301305012717,92.39204373889459,89.68381159959759,89.0610632656152,1.0160225420463864
284,1955169.22096114,25.353065593557496,50,1480.1741543998942,1.9925890894197025,0.011784675458262873,0.13598662099038777,0.035580360606890966,True,0.012103417614918253,0.035528090426624026,94.83955225592749,92.40501234785678,89.48616872592673,89.01020507375648,1.0544124000628108
285,1961926.93766603,25.285079023413818,50,1480.3521544102114,1.8977048787567519,0.011644738693674496,0.12960923592957307,0.035597900521819686,True,0.012116192242247035,0.03554908780146473,95.97925495315623,92.30758573292249,89.44207680579262,88.95763042961879,1.0418918125990975
286,1968524.04035416,25.723839768070434,50,1489.156155330129,2.3088718280159704,0.011520085056143296,0.15192091923856416,0.03561573342395871,True,0.012131503260894023,0.035569708396660175,97.0178031235159,92.191085482622,89.39729289572112,88.90605960238064,1.0307386551285052
287,1975279.62105882,25.528049016624603,50,1482.1941545999143,2.482831224744892,0.012521088516198976,0.15477737631514654,0.03561056660834791,True,0.012151940861766847,0.035590066226300746,89.26167581174114,92.03603497418395,89.41026374601894,88.85520455749561,1.1203016188712562
288,1981964.51175611,25.62699572608647,50,1485.2001549201086,2.7200415121660697,0.012743010428945718,0.16146957028457895,0.03563932199559723,True,0.012145082344614465,0.03560788926751913,87.70716701324524,92.08800915653994,89.33812357572057,88.81072930198698,1.1401576783337808
289,1988703.54245904,25.47732679043907,50,1478.628154240083,2.293057772699381,0.012025345147758288,0.1390971964693441,0.035652984387655864,True,0.012155275093064227,0.035626238206530644,92.94147737218303,92.01078919192494,89.3038887846915,88.76498822076242,1.0759458827473343
290,1995277.04714471,25.404902124100495,50,1486.4541550499853,2.127008056428963,0.011853755027106484,0.13906443430986568,0.03574139907623897,True,0.012162109571427484,0.03564446527142982,94.28686027231731,91.95908387351574,89.08297478243557,88.71959757767787,1.0605931688279469
291,2002027.1418488,25.30259412596679,50,1482.0061545900535,2.1744539340103906,0.01282168735381181,0.12970271904754804,0.03569722233854778,True,0.012193160735283754,0.03566335292357721,87.16897496418804,91.72490041252304,89.1932185199564,88.67261083189169,1.1471971530712417
292,2008554.47252966,25.319419692751207,50,1489.254155339906,1.8897964985442606,0.012270040949593294,0.1243887464690478,0.035783687655427235,True,0.012212097177197512,0.03568307992212298,91.08798809511015,91.58266904771288,88.9776979739163,88.6235891535851,1.097839594509862
293,2015315.31723487,25.221110232315613,50,1480.5801544298884,1.9056126123675412,0.011941883467059601,0.12742402992677818,0.035796414965582724,True,0.012231062213863568,0.03570010304433439,93.59104424574183,91.44066431859815,88.94606221485706,88.5813301666264,1.0684783006853205
294,2054743.68134757,25.851640365922712,50,1478.1181541699916,2.704228837102633,0.012175237100746684,0.15257729562986047,0.035477961936784624,True,0.01225555774933148,0.035721019440033,91.79725492775204,91.25789923504674,89.74444919555387,88.52946148587989,1.0893571925844483
295,2061383.62204016,25.50045904117997,50,1478.5421542299446,2.308871247751078,0.013215290899736387,0.15542860101153705,0.03547640565553358,True,0.012272864007340407,0.035741212641562235,84.57273868752767,91.1292142965866,89.74838611083847,88.47944378572554,1.1824141143699574
296,2068128.85474375,25.658663621369058,50,1476.802154039964,2.878185343065926,0.013087086668628551,0.16604069597981028,0.035561598493522716,True,0.01226398079461932,0.03576096575187053,85.40123346338252,91.1952222437009,89.53338116050928,88.43057082672206,1.1709432739976975
297,2074873.8074473,25.564201646536386,50,1476.2061539799906,2.467017777307383,0.012543148485932975,0.1496554112404548,0.03565155549298744,True,0.012271912818111227,0.03578256297416943,89.10468892212397,91.13627767198595,89.30746803526807,88.37719693347852,1.1222753945356705
298,2081502.80413876,25.529110524217398,50,1483.184154710034,2.4828317674287383,0.01245588138964756,0.14513367853133546,0.03565298677239996,True,0.01228586461060751,0.03580411860615706,89.72896489460648,91.03278357732816,89.30388281136526,88.32399002859277,1.1144673298361627
299,2088239.29484143,25.495779146705754,50,1480.1661543899681,2.3167810564289617,0.012375670922162959,0.14716300880588457,0.03572688119933247,True,0.01229156512031183,0.03582389618833228,90.31052546343322,90.99056492892052,89.11917429437001,88.2752283036913,1.1072906441624562
300,2094794.47552519,25.38158176745062,50,1487.138155120192,2.0479395120775123,0.011744011382936534,0.1340769693579365,0.03578149329557079,True,0.0123000584678699,0.035843953856853024,95.1679377258577,90.92773478104236,88.98315467989949,88.22583098343529,1.0507740558917698
301,2101582.31023321,25.43512482570022,50,1478.9241542699747,2.016309900561211,0.012119756282238905,0.13241696810414622,0.03578333172750088,True,0.012292569913567726,0.03586658202205718,92.21747681353555,90.98312737057158,88.9785830130114,88.17016945768582,1.0843931472692063
302,2108368.14094103,25.40280396599067,50,1479.1141542801633,1.9925933533863613,0.012061197942115605,0.13117177472607164,0.03581336956742042,True,0.012276465564532775,0.03588854086299872,92.66520202279551,91.10247964112249,88.90395377635772,88.11622146536422,1.0791537463054903
303,2115129.15164626,25.403434320847026,50,1480.438154419884,1.960961287421334,0.011457460222447535,0.12808656301846086,0.03583595859066518,True,0.01228357835560542,0.03590824037278446,97.54808851558165,91.04972686134383,88.84791359891071,88.06788029495269,1.025135412049428
304,2121936.71835634,25.36284914666203,50,1481.9761545900255,2.2139865917308796,0.012782787821616395,0.12961007575984274,0.035942710599674715,True,0.012305235250306619,0.03592765911162996,87.4342404442523,90.88948170494507,88.58402995978764,88.02028000007091,1.1437166881871004
305,2128756.82506774,25.50107365754559,50,1483.4841547398828,2.49864667339963,0.012939412027457261,0.1509829831143047,0.03587922479335206,True,0.01233407756348357,0.035948127294919564,86.37589880988583,90.67694348452832,88.74077327299182,87.97016291860342,1.1577303541020836
306,2135569.59977836,25.8214329945409,50,1483.562154749874,2.6805059491973218,0.012357064952102943,0.16391224584537886,0.03589104645945826,True,0.012366485727606822,0.035969723521398746,90.44650556383651,90.43931144165286,88.7115441505469,87.91734562183798,1.1056259088359754
307,2142389.35048972,25.726556792640682,50,1483.6721547604539,2.6172516522847467,0.012722994556317813,0.15611742933284703,0.03605151079076027,True,0.012376656768619857,0.03598860772855054,87.84514832540575,90.36498911349426,88.31669138852244,87.87121298510246,1.13836679453968
308,2149109.74519071,25.65905280059472,50,1487.4481551502831,2.664694620981134,0.012956924459834561,0.14611299521555368,0.03598562951764761,True,0.01237541183730963,0.0360075129007927,86.2591541231644,90.37407957494918,88.47837859932753,87.82507760160101,1.1592972471335705
309,2155927.9199019,25.631332180505606,50,1484.6141548599117,2.7200433104807367,0.01263272911632185,0.1704558905134994,0.03608246663159798,True,0.012385708805532691,0.03602859840532361,88.4728338312129,90.29894628704595,88.2409228034684,87.77367854214101,1.1302904584907194
310,2162535.78259116,25.6832410048451,50,1492.612155689858,2.324690729900194,0.012481990712041424,0.12371097098697367,0.036129467962686776,True,0.012400717280555423,0.03604812434490552,89.54127348171022,90.18965829593488,88.12612895063474,87.72613477737539,1.1168034139639633
311,2169366.75330368,25.579136357294097,50,1482.8441546699032,2.5065512205818266,0.012470626518880677,0.13742532115857642,0.03609948239335147,True,0.012412192557419688,0.03606681168343963,89.62287037070091,90.106276468393,88.19932978274385,87.68068113447337,1.1157866234526048
312,2176194.86201591,25.484059746426787,50,1482.596154639963,2.253525757515863,0.012777772197397067,0.12996251000429357,0.03610775452840737,True,0.012425057387581644,0.0360862542902278,87.46856076920379,90.01298096824904,88.17912368637116,87.63344040418016,1.1432679243335988
313,2183015.30872734,25.405555845518585,50,1481.5641545401886,2.0084039711304555,0.011350018309883888,0.13858480561370867,0.03612343060290218,True,0.012411943559520187,0.0361064540375572,98.4715014045208,90.10808410419678,88.14085759456526,87.58441389628967,1.0155222423618282
314,2189831.91143836,25.248873993276383,50,1481.4521545302123,1.9925918678542942,0.012475490274775899,0.12507606613119512,0.036117633724155156,True,0.012405531711328221,0.03612773501071504,89.58792955839523,90.15465682430174,88.15500419863231,87.53282246492482,1.1162217991640586
315,2196655.00215007,25.423920410992263,50,1482.8221546700224,2.119102564540487,0.012178788503518187,0.1420671978076814,0.03616889588819534,True,0.012409620111129305,0.036147602567117375,91.77048633533641,90.12495500605698,88.03006214067834,87.48471240605859,1.0896749478873542
316,2203531.1428673,25.462254553256848,50,1483.3661547298543,2.174454782252486,0.012485314494321794,0.1548705698826088,0.03617614954131419,True,0.012421602049978032,0.036166812770815696,89.51743622087905,90.03802002816266,88.01241129770872,87.43824441463067,1.1171008033374716
317,2210392.73158302,25.47999672092686,50,1483.2441547196358,2.4195757401829887,0.012670789445673127,0.13210930301548393,0.036204965515081816,True,0.012409355610957531,0.036186936645111134,88.20708044554625,90.12687598139426,87.94236114577242,87.389619236532,1.1336958372269088
318,2217279.20030134,25.83437021670259,50,1485.0281549002975,2.6646932898685165,0.01260744838907177,0.15612475104985318,0.03618807745112072,True,0.012430251864944198,0.03619651013518475,88.65024146455029,89.9753654478995,87.9834016299464,87.3665058576683,1.1280285114061777
319,2223790.50098052,25.865338513462746,51,1501.886156660039,2.6567860000000003,0.012497112584484197,0.15674955645730498,0.03633543741083641,True,0.01244129965742943,0.03620945321648635,89.43292591687873,89.89546791358862,87.6265810865952,87.33527667059408,1.1181564159937856
320,2230704.15170167,26.04382637567326,50,1487.1181551199406,3.012607745966587,0.012569424040436431,0.16875108981785242,0.036279136917243986,True,0.012451437927817872,0.03622692251674309,88.91842142866088,89.82227278819934,87.76256612334636,87.29316196514378,1.124626351979097
321,2237468.39640724,25.878938325956852,50,1488.1081552198157,2.324687076251486,0.011896647053803788,0.1388897703778034,0.036305529309972995,True,0.012427839039998044,0.03624862857759134,93.94691957224316,89.99283387548319,87.69876691270116,87.2408898997001,1.0644308548952157
322,2244165.24110577,25.557004218280127,50,1489.9941554199904,2.3563164164275356,0.012307875406834819,0.1422529770624888,0.03635701701141601,True,0.012427309247743424,0.03626831123331335,90.80798326268496,89.99667038630047,87.57457058696012,87.19354464588524,1.1012247637498973
323,2250558.27377262,25.350591471677188,51,1505.6101570399478,2.4353872874213316,0.012902202054747595,0.14088251505592436,0.03642998708165499,True,0.01244793169428984,0.03628815435024255,86.62500704922749,89.84757320534081,87.39915678424437,87.14586540364049,1.1544010594795864
324,2257442.16649066,25.48303543955249,50,1484.7341548698023,2.3009689895921674,0.012208313852539867,0.14161819085158905,0.03634862296467681,True,0.012444189501451762,0.03631004410651123,91.54854285717326,89.87459199551019,87.59479432526754,87.09332892784022,1.0923166747838564
325,2264325.12320861,25.50521057743173,50,1483.9581547901034,2.1032895352249206,0.012056278887198672,0.13223225809286618,0.03634739601983189,True,0.012458671311490416,0.036329823852776846,92.70301014103029,89.77012284819588,87.5977511803138,87.04591102802871,1.078713622814659
326,2271174.40392305,25.39602229691293,50,1486.2281550201587,2.1586378721990584,0.012394618855383484,0.13490444769530027,0.03649241320913574,True,0.012481962744234455,0.036349656710507154,90.17246572754644,89.60261114978863,87.24964650461844,86.99841761748091,1.1089859760206853
327,2277792.72061339,25.523667794579872,50,1496.3781560799107,2.2930615249225212,0.011985319753453592,0.13462798905069567,0.036481570161598274,True,0.0124886201939276,0.036370022559869326,93.25185868495616,89.55484567475287,87.27557883320205,86.94970176460981,1.072364683398931
328,2284691.92133303,25.517402853025196,50,1483.9621547902934,2.3563172601851896,0.012312524770106924,0.15748767578972575,0.036446898807200964,True,0.012511078195239231,0.03639103802789988,90.77369303301406,89.39409031776118,87.3586027014319,86.89948916346611,1.1016407570713822
329,2291589.01805246,25.40732796389693,50,1487.0921551096253,2.6330674061858588,0.01350411761286207,0.14885420462155138,0.03641326182943772,True,0.012520677538929511,0.036411543453284824,82.76389290911929,89.32555372346171,87.43930075562602,86.85055108443858,1.2082563591451898
330,2298510.03677437,25.55344260636309,50,1485.1061549102888,2.799113585444367,0.013319445674800605,0.15247943449647477,0.036476762083584746,True,0.012513861194856828,0.03643166626069037,83.9114007617888,89.37420966579487,87.28708280909618,86.80257971524476,1.1917331734091658
331,2305420.07949515,25.769820381981496,50,1487.16015511984,2.743764802056475,0.013020521044306847,0.14844337384997136,0.036488659317902926,True,0.01249904550087549,0.03645419276133819,85.83783553207005,89.48014903053593,87.25862259990947,86.74894093681975,1.1649874358457428
332,2312257.95620839,25.873636261305194,50,1488.7441552896053,2.735857653915417,0.01246688235989674,0.17190802538757585,0.03652707293065488,True,0.012502274637573628,0.036477156734423845,89.64978666505404,89.45703774548058,87.16685726891278,86.6943286664779,1.1154516216382186
333,2319144.50692672,25.74995093253985,50,1486.4861550498754,2.3958533686751764,0.01209790665152952,0.15709667369048286,0.03652586264902211,True,0.012491360532006144,0.03649683996063938,92.38402776084942,89.53519925168375,87.16974553598405,86.64757327383059,1.0824381913064083
334,2325856.2196268,25.77400379802244,50,1488.8541552997194,2.4037579442892003,0.011880755305418914,0.15073359941870146,0.03657731025584273,True,0.01249209478690411,0.036517223420980106,94.07258336793593,89.52993659080002,87.0471374282905,86.59920767513523,1.063008969615894
335,2332796.25435071,25.575006374954658,50,1485.1441549099982,2.498643307256298,0.012550107684422246,0.14649405556224582,0.03657618352556812,True,0.012497385705136333,0.03653608970119739,89.05527920930506,89.49203301760365,87.0498189175987,86.55449011143436,1.1228980561615738
336,2339743.23507533,25.827440495205092,50,1484.9181548901834,2.609344614315834,0.012229977813751894,0.15009873706715943,0.036550954787059456,True,0.01251331953843084,0.03655347014907079,91.3863754263178,89.37807835266365,87.10990372609395,86.5133351732724,1.0942550183061148
337,2346685.96779952,25.822564832744668,50,1484.5321548399515,2.3800407360629094,0.012176191394403062,0.13624900401607243,0.036607306370155246,True,0.012514933868962635,0.03657305626506,91.79006043357788,89.36654926571292,86.97581079588345,86.46700433876306,1.089442576273473
338,2353629.38252377,25.700596604152864,50,1485.68815496983,2.4512011653586505,0.011852283285064689,0.15025491068657243,0.03664075372214731,True,0.012517025412014892,0.03659255673942656,94.29856822199369,89.35161648583365,86.89641530690018,86.42092536118115,1.060461487385886
339,2360471.43923745,25.798240217682082,50,1489.8221554001793,2.364222604421297,0.012416006171155505,0.136221484918377,0.03672465162664754,True,0.012531660633639832,0.03661299455462797,90.0171382436622,89.24726633240654,86.69789941008659,86.37268415819975,1.1108995671954227
340,2367401.3879603,25.500536658768315,50,1486.8701550900005,2.2851524556335043,0.012233853537613644,0.14455320226803864,0.03666622976417488,True,0.01254554364069198,0.03663443523046033,91.35742393079845,89.14850453591818,86.83603885852679,86.32213366628805,1.0946017916486241
341,2374261.51467587,25.70607957746768,50,1489.9641554099508,2.617249366596738,0.012464833908391443,0.13900544869115178,0.036721119464853146,True,0.012561898082040238,0.036654418685992306,89.66451957219047,89.0324413439391,86.70623878024779,86.27507209550383,1.1152683401659573
342,2381248.8334047,25.86660476259463,50,1487.3521551401354,2.522366666281126,0.012197118963766304,0.14529472244251088,0.03672353992761491,True,0.012566737416799412,0.036673696295962614,91.63256890936742,88.99815577133583,86.70052393841627,86.2297214120986,1.091315032474573
343,2420672.4235169,25.67797047171506,50,1481.8281545699574,2.7516718238250846,0.013335749902913153,0.15501759880908828,0.036271935649181734,True,0.012564455797226854,0.03669365223148637,83.80881105898065,89.01431723008952,87.77999011115331,86.18282516012904,1.1931919645618123
344,2427194.87619725,25.846820454746833,50,1497.1881561698392,2.7516725645252436,0.012505320883806525,0.1523148334188616,0.036456512111964365,True,0.012553798252023508,0.036715665092026596,89.37422352675071,89.08988592177785,87.33556690280986,86.13115428595428,1.118890838644587
345,2434124.11492002,25.727190540563385,50,1480.4301544199698,2.5065542560401077,0.012692288890557294,0.13666147118911562,0.036368896249878074,True,0.012560670158048966,0.03673441479411847,88.05766663368108,89.041145104913,87.5459659463335,86.08719187379276,1.1356194609499906
346,2440898.53762665,25.801372922799246,50,1486.8981550997123,2.451203962875237,0.012011747620925151,0.13927242308357368,0.036583414758794466,True,0.012567863506649539,0.036752382883219636,93.04668889280124,88.99018147086375,87.03261228046397,86.0451041991249,1.0747292687681183
347,2447851.04435185,25.57006596877011,50,1481.6201545498334,2.6884111491667717,0.01306006726364298,0.15083439444827654,0.036565413935345605,True,0.012588898641589859,0.03677178530935912,85.57791635992764,88.84148534351398,87.07545765042816,85.99970298281619,1.168525761885463
348,2454793.87707605,25.311034830283944,50,1482.230154610239,2.5935306536067237,0.013594893259800194,0.14991265742176585,0.03666355445637637,True,0.01260273295881126,0.03679061545161362,82.21126290472208,88.74396194960573,86.84237520903602,85.95568668623804,1.2163783450322234
349,2461760.78980275,25.808097422175187,50,1484.0881547997706,2.6409735348103673,0.01226502955490541,0.1364809398126044,0.03676936434210267,True,0.012606439708018644,0.036808611671141155,91.12520593120475,88.71786801521696,86.59247200941647,85.91366180844408,1.097391209085993
350,2468767.78253364,25.82025769216666,50,1483.2281547100283,2.8307429838571636,0.013114243234134432,0.15628581062956445,0.036735648258879004,True,0.01259150518500765,0.036827654620487975,85.22438725507104,88.82309443746689,86.67194682832366,85.86923732562329,1.173373058297989
351,2475748.50126178,25.784692587123228,50,1482.672154659871,2.933532625869887,0.012931874452882509,0.16359120100290606,0.036792969039816555,True,0.012594811396743198,0.036848110431436855,86.42624454909888,88.7997778551088,86.53691821260632,85.82156799157897,1.1570559433280097
352,2482753.18999243,25.911741645570075,50,1483.420154729858,2.640973056438142,0.012459286216589309,0.16087275235197973,0.036821990044971276,True,0.012591918421025406,0.0368660785149871,89.70444410009084,88.8201794803807,86.46871471935529,85.77973959088649,1.114771970533326
353,2489738.9727211,25.784305424817237,50,1482.8621546803042,2.7912074680025363,0.013206556009008802,0.1437880328522958,0.0368851584369789,True,0.0126018756876431,0.03688421086167413,84.62867557451503,88.74999895884255,86.32063104832756,85.73757011130027,1.1816325759110513
354,2496759.75745343,26.0616133561616,50,1481.8881545700133,2.6172513319696478,0.011947026750651814,0.16083147111536988,0.03688173528529713,True,0.012618672743117591,0.03690374872828059,93.55075260730375,88.63186144262194,86.32864283549154,85.69217826722692,1.068938486628996
355,2503659.48617313,25.925259312139953,50,1488.850155299995,2.8149310135978283,0.012435154273909529,0.1492643000346605,0.03696897377735762,True,0.012602357037925617,0.03692635234105017,89.87852658073098,88.74660912970633,86.12492658770083,85.63972378168648,1.1126128088585492
356,2510682.19890565,25.967850140812512,50,1485.3301549297757,2.6330654432628435,0.012183811634409113,0.14487503164880472,0.037028076326391095,True,0.01259177954117792,0.03694591778695636,91.73265128185574,88.82115911419176,85.98745785581787,85.59437156191666,1.0901243833866423
357,2517720.90963985,25.91196768618409,50,1484.8781548803672,2.648878654003049,0.012521750923707962,0.14355723374433546,0.037062209086826725,True,0.012587021677336831,0.03696470302122148,89.25695382000991,88.85473329814934,85.90826696645169,85.55087302979962,1.12036088657819
358,2524509.35034794,25.945025263316328,50,1495.9901560400613,2.7358582206171747,0.012166375172376022,0.15356202141340516,0.037055355327752185,True,0.012591072936534995,0.03698271791705821,91.86411960077645,88.82614371270344,85.92415656079213,85.50919977934164,1.0885642876635118
359,2531498.903077,25.694621930819686,50,1487.0901551200077,2.870279468818506,0.012994371459630802,0.16926535824742472,0.037025185995025016,True,0.012598856783371068,0.03700096592810662,86.0105736868648,88.77126499556371,85.99417037433334,85.4670286418274,1.162647749323482
360,2538519.76780934,25.62350336732846,50,1485.7661549700424,2.4986434882046993,0.012902565946165245,0.14033477318256396,0.03704464692267955,True,0.012608820422287127,0.03702049997562835,86.62256396180206,88.70111689281381,85.94899444562601,85.42193154697107,1.1544336180022545
361,2545529.52254051,25.56753502293801,50,1485.8761549899355,2.57771447463632,0.01329461621006137,0.1436691946960481,0.03701587080422981,True,0.012615377208886846,0.03703942297943254,84.06811646786973,88.6550148789784,86.01581114859876,85.37829049088545,1.189511602216926
362,2552564.3192743,25.898161355219763,50,1485.7541549704038,2.8465556899023667,0.012552957376002113,0.1517896244646815,0.03709837430880152,True,0.012625695968458467,0.03705901960807969,89.03506245306954,88.58255869235391,85.82451958931729,85.33314286768945,1.1231530271320354
363,2559536.35400154,25.895408610344447,50,1489.3341553499922,2.8623694066076624,0.012884440893062217,0.15033247974089792,0.037102278721101535,True,0.012626480667006635,0.037078947377152324,86.7444193519396,88.57705354748957,85.81548795240771,85.28728128623696,1.1528119118457028
364,2566511.22872907,25.94303307745283,50,1488.0041552097537,2.656786625864772,0.012096414612755853,0.16607615996975691,0.03716575917817443,True,0.012636867720510363,0.03709680094083387,92.39542291849732,88.50424637606473,85.66891200401831,85.24623510788595,1.0823046938511836
365,2573318.59143914,25.864525628106463,50,1497.488156199921,2.894002294842771,0.013183523634435482,0.1595242151411416,0.0372111081916052,True,0.012644120923381802,0.037114593055737964,84.7765267415873,88.45347659476957,85.5645076788081,85.20536948912776,1.179571796092463
366,2580348.49417241,25.84912414684504,50,1488.4161552600563,2.7437665174813546,0.013012865012279187,0.15175182067227982,0.03718805212032614,True,0.012655586978392913,0.03713350999900411,85.88833764804515,88.37333709351284,85.61755647473903,85.16196327353866,1.1643024263065465
367,2587405.03290847,25.893225322210114,50,1487.5781551599503,2.8465567752589145,0.012732120567039856,0.15594178066761907,0.03715930764980005,True,0.012675995676681562,0.03714121223723216,87.78218349866883,88.23105361381582,85.68378567771012,85.14430262948345,1.139183327748635
368,2594452.55364358,25.931518552764867,50,1486.748155079782,3.0442345846342604,0.012554426847472665,0.16420205641114144,0.037222718226793475,True,0.012706928422069467,0.037156406103366194,89.02464107057688,88.0162708885112,85.5378194896499,85.10948572247071,1.1232845054188645
369,2601450.51437352,25.80479394035765,50,1489.8261553999037,2.633064772667435,0.01206391358370099,0.1592701462821332,0.03731073333867222,True,0.012693111054253541,0.03718006943478999,92.64434266613773,88.11208295408399,85.33603785528996,85.0553176157787,1.079396723396535
370,2608342.27109239,25.776139738753713,50,1494.9701559399255,2.6251569607815775,0.012847579791782516,0.14288780338996654,0.03729167221752192,True,0.012718969346477992,0.037201032704901826,86.99329850887044,87.93294674206358,85.37965618773046,85.00738782813622,1.1495138318597975
371,2615370.52182549,25.688811763649166,50,1489.0441553201526,2.7595826007954543,0.012936284819065755,0.16218745907458518,0.037195509461403445,True,0.01273231023286206,0.03722552125611711,86.39677925889883,87.84081079576262,85.60039098003058,84.9514663070866,1.1574505528197097
372,2622442.34656314,25.7977120903995,50,1487.4461551601999,2.735858203237534,0.01296943893576014,0.1521003464214328,0.03729505304308696,True,0.01276919825303568,0.037247192953421465,86.17592090752709,87.58705378326334,85.37191645549198,84.90203862361872,1.1604169571029244
373,2629502.20529954,25.6828883677869,50,1487.656155180186,2.799113703080714,0.01301342558512621,0.1643471193473143,0.03731735426639537,True,0.012784942508162712,0.03726972036393601,85.88463787893774,87.47919307761619,85.32089734627138,84.85072020590806,1.1643525825423404
374,2636398.31801886,25.691319073602923,50,1495.236155970022,2.7991133306192104,0.01309124626432424,0.14250875372561597,0.03734779427755917,True,0.012782047812567721,0.037292341963915836,85.37409818565966,87.49900411561013,85.25135725379833,84.79924961035374,1.17131544625618
375,2643436.70075302,25.839841904469864,50,1488.4021552600898,2.4195723170682832,0.01144665317897913,0.1558759469365927,0.0373198133813646,True,0.01278872779285635,0.03731180544226598,97.64018586634123,87.45330045905929,85.31527529522552,84.75501459306268,1.024168471493325
376,2650223.0614609,25.92392160095312,51,1500.6181565197185,2.751673183509073,0.012224895685711577,0.16143408397172468,0.03739064237822479,True,0.012779786446641838,0.03733307572311846,91.42436652849136,87.51448694603785,85.15366279055428,84.70672596617803,1.0938003041442022
377,2657319.02820106,25.631437038429453,50,1487.7021551802754,2.609346294791468,0.012247077093776189,0.16001193482416937,0.03740878547019799,True,0.012783704843557503,0.03735365369378018,91.25878243316077,87.48766244563504,85.11236364874986,84.66006138723021,1.0957849452823492
378,2664423.99494217,25.77786975617766,50,1488.9161553001031,2.680506545131397,0.012493140350956087,0.15051220261259435,0.037406319842636704,True,0.012786311328756541,0.03737404008121398,89.46136139882037,87.46982811551435,85.11797380742095,84.61388193197574,1.117801007624432
379,2671527.3056831,25.609445316072726,50,1487.7681551896967,2.4828278861884456,0.013169174599305881,0.1311300529147807,0.03744333000413044,True,0.012789318672036512,0.03739376823269046,84.8688986173801,87.44926003002605,85.03384053304912,84.56924145954784,1.1782879422754298
380,2678609.94442188,25.709718170675405,50,1488.1281552198343,2.830743717105893,0.012672016648071374,0.16864715168486424,0.03756604608068641,True,0.012801026289645615,0.03741427576096133,88.1985381634714,87.36928031016105,84.75606258265508,84.52288733201752,1.1338056389291857
381,2685674.01915872,25.599173109159572,50,1488.6101552699693,2.727950761631,0.01277999334066806,0.1643975914825001,0.0374745998248006,True,0.012807468728047618,0.037433466507157995,87.45335886729374,87.32533164094485,84.96288599432704,84.47955559093263,1.1434666570874659
382,2692756.94389752,25.72250676002104,50,1488.1521552298218,2.4432947875361606,0.012777869988411263,0.12553490824911706,0.03744670626542402,True,0.012842098688550393,0.03745058821294584,87.46789135878753,87.08985044282,85.02617373153123,84.44093312423888,1.1432766740067102
383,2699856.94263811,25.760615607001682,50,1487.272155140061,2.4907414110880524,0.012673496579003187,0.13738997751328205,0.0374458326183282,True,0.012869461303433284,0.03746813698381477,88.1882388949187,86.90468293800457,85.02815747350077,84.4013839310672,1.1339380530572851
384,2706940.03737694,25.7708466983008,50,1487.8361551901326,2.506548992147156,0.012494882840169062,0.14752675509499527,0.037456511212491106,True,0.012899940141080117,0.03748442929184361,89.44888545493122,86.69935223933086,85.00391652962513,84.36469954314816,1.1179569136771395
385,2713800.19609251,25.574511704129954,50,1498.4581562997773,2.459107247828623,0.012388900890138024,0.15255974250467624,0.03757354667945039,True,0.012911925497871332,0.03750284924482286,90.21408386863092,86.61887449258991,84.73914319988637,84.32326285687004,1.1084743714814431
386,2720871.62283011,25.73456048272763,50,1491.24415554991,2.751671526895411,0.012884503801007903,0.15742371251164944,0.03754125671958224,True,0.012926126107159814,0.03752243930420785,86.74399582664863,86.52371521722156,84.81202897336017,84.27923859412131,1.1528175404197123
387,2727970.46957058,25.563144824547603,50,1487.5541551699862,2.617250191218485,0.012756234551904552,0.15499891571678642,0.03755038284806402,True,0.012908905379659472,0.03754189290645627,87.61624281800293,86.63913951372471,84.79141652111586,84.23556645458655,1.1413408826805729
388,2735098.52231409,25.87622570460734,50,1489.5541553799994,2.5935287228671733,0.01221621102035971,0.14901773707536745,0.03762362259285956,True,0.012914344140846796,0.03756076220450939,91.48936131508952,86.6026522106026,84.6263579414554,84.19324926194145,1.0930232595094274
389,2742194.42511849,25.69174384986145,50,1488.7541774800047,2.4432931403237284,0.012382023013754778,0.13842626687543125,0.03755128546990599,True,0.01291242230438319,0.037580070995530894,90.26419533395344,86.61554182425834,84.78937838623963,84.14999043319646,1.1078589860030499
390,2749319.89796792,25.742695096467443,50,1491.8881778400391,2.830743819035426,0.012785919517598852,0.15919061304951648,0.037632049486756594,True,0.012928504277548344,0.037597556683434716,87.4128248973179,86.50779936701818,84.60740767568484,84.11085436692987,1.1439968909885116
391,2755872.9607491,25.60477250364961,51,1515.2121806298383,2.5144571092513814,0.01281862234318032,0.15728984734151955,0.03763099387074813,True,0.012927376037789127,0.03761481835235071,87.18981759671505,86.51534935538729,84.60978106327816,84.07225538429695,1.1469229168203061
392,2795414.18546277,25.39515639605657,50,1479.284176339861,2.506550540848547,0.013505677521112617,0.14515261124252887,0.03711393361448341,True,0.012922357348607652,0.03763294914750694,82.75433366418733,86.54894954427914,85.78853930360675,84.03175106892373,1.2083959290984025
393,2801922.53223863,25.416082749924392,51,1506.2081795497797,2.625158049875097,0.013774688978549403,0.1486979730517693,0.03749842710045115,True,0.012911596674570409,0.037653330730592294,81.13819090097284,86.62108044007657,84.90889882043227,83.98626504994513,1.2324652399152256
394,2808990.24308116,25.699234474189474,50,1484.9361770199612,2.672599964013113,0.012631064144300808,0.1480604104977382,0.03747876555179535,True,0.012935729340378609,0.03767084456098302,88.48449593594678,86.45948169823521,84.95344245523158,83.94721837556399,1.130141488147755
395,2816089.31792743,25.63224902437313,50,1486.454177199863,2.783300592793964,0.01382409378725378,0.15101775337861037,0.03752563888766811,True,0.012972956274505062,0.037687406403093586,80.8482176946439,86.21137931033826,84.84732697366252,83.91032752238384,1.236885645305694
396,2823166.18277106,25.785979108831217,50,1486.32817718992,2.783299745511094,0.013372674096144706,0.14658953063439167,0.03761781236185738,True,0.0129951105035919,0.03770504444840062,83.57740089286132,86.06440505824509,84.63942884211765,83.87107510456497,1.1964956895853442
397,2829938.91357843,25.773257799495905,51,1502.0321790599264,3.1628410000000002,0.013893036649779759,0.14253878617978777,0.03768867132131681,True,0.01302981489505065,0.03772570103849025,80.44701616480555,85.83517595346783,84.480297154883,83.82515175864637,1.2430541825217316
398,2837088.52443073,26.139113277134033,50,1489.9201776101254,3.4316841111081615,0.013863024275121549,0.19108867585718448,0.03771431187158746,True,0.013057698507830031,0.0377462525610372,80.62117772878736,85.65188218177434,84.42286216008702,83.77951187708243,1.2403688798923105
399,2843997.96725439,26.14783033300247,50,1497.8481785599142,3.2340067284985885,0.013447263784455588,0.16716939165170164,0.03781725605534717,True,0.01308580134632883,0.03776510752517444,83.11381124500757,85.46793769504653,84.1930505993802,83.73768332698958,1.2031694662667944
400,2851189.5481117,26.120376470296694,50,1484.9181770100258,2.8070209593801643,0.012605708549625493,0.15843106973262175,0.03776200173795987,True,0.013109068021942918,0.03778376086135426,88.66247696772847,85.31624462438529,84.3162440034774,83.69634315538123,1.1278728424365254
401,2858349.16896519,26.13448710945613,50,1488.1661773999222,3.1391227151781003,0.012658234577194357,0.16905788049300766,0.037820432582355436,True,0.013154711423898211,0.037803122343163485,88.29456723425574,85.02021960937564,84.18597924982451,83.65347671671006,1.132572513207333
402,2865553.83382405,25.983525088464262,50,1487.780177359935,2.9651634239297593,0.013131712695581473,0.15423622445187754,0.03784244554356463,True,0.013195482686433445,0.037820936176700314,85.11101101984461,84.75752503602283,84.13700824203245,83.61407554741996,1.174936106583656
403,2872751.89868213,26.00547252576467,50,1488.410177430138,2.8702784824934184,0.012592216961740236,0.15878998329143135,0.037861695804094604,True,0.013240205717046299,0.03783958713249172,88.75747196374617,84.47122937960599,84.09422993286077,83.57286256005004,1.126665707151966
404,2879659.61550559,26.004563677217725,51,1501.2861789697781,3.2577274815829327,0.013359930516287378,0.18069229399362804,0.037891294162279626,True,0.013277109924387706,0.03785726458164334,83.65712251126702,84.23643854175336,84.0285406711484,83.53383821308027,1.1953554809584417
405,2886840.79436165,26.06130528176499,50,1491.286177769769,2.9098117859202297,0.012544115248716034,0.1624169672512976,0.03792761922711179,True,0.01330004342042684,0.037875448416708424,89.09782171026104,84.09118818665443,83.94806258552552,83.4937339872581,1.1223618938771234
406,2894045.49722051,26.105688760696843,50,1491.7761778398417,3.2181894296104367,0.012763718632411656,0.16327411437724726,0.03794770183338726,True,0.013343452242396466,0.03789149364671188,87.56486852545822,83.81762334369643,83.90363576105283,83.4583783958907,1.1420105071702509
407,2901258.40408036,26.17441428283198,50,1492.2101778797805,3.471217556991661,0.013949939620050616,0.18347212308258012,0.03790128332157143,True,0.013383970425466478,0.037910444092214425,80.11886605850503,83.56387668264051,84.00639433719184,83.41665972206891,1.248145472279052
408,2908206.98690869,26.257018769565107,51,1503.1161791901104,3.4949440000000003,0.013917244282735422,0.18536522927994717,0.03795719640114206,True,0.013427553463267485,0.03793097595462847,80.30708675061024,83.29264576881684,83.88264820585543,83.37150666873062,1.2452201164462608
409,2915451.39177229,26.3083989762509,50,1490.3681776695885,3.4237759810288217,0.01372079589236455,0.1807661534344403,0.037886263037223096,True,0.013458659692777002,0.03795213222998957,81.45688870461429,83.1001362459607,84.03969928280716,83.32503153153242,1.22764325406146
410,2922704.35063691,26.410783901605853,50,1490.500177680049,3.384241482403212,0.013605624655982754,0.14966624180186083,0.03796460359696651,True,0.01349280745671003,0.03797006745437955,82.14641901440417,82.88982539372081,83.86628203466793,83.28567281457423,1.2173385171850293
411,2929920.74349717,26.124498271726356,50,1485.8521771300584,3.186561913292408,0.01362679701987778,0.16061490012499713,0.03804373995131434,True,0.013552887933212996,0.037986900500050685,82.01878565540505,82.52237159114799,83.69182831846064,83.24876663071127,1.2192328759315745
412,2937149.78835894,26.119797118155837,50,1489.0501775001176,2.8702778452913122,0.012416359107543998,0.1557043462507942,0.03800800451889899,True,0.013597144360986418,0.03800553838611596,90.01457949649654,82.25377509168784,83.77051605049098,83.2079415011795,1.1109311455367847
413,2944343.92121654,26.03975354517355,50,1490.6861777100712,2.878184366561552,0.012830334196555647,0.14028500490502224,0.03806070850951076,True,0.013637860714116651,0.03802466244093406,87.11022852725897,82.00820331007688,83.65451609504179,83.16609304987394,1.147970813596963
414,2951574.91607854,26.107465534912393,50,1490.2441776501946,2.9414440000000006,0.012786427233418276,0.15117080182974235,0.03808702706319821,True,0.013682033900997056,0.03804189331863055,87.40935396105004,81.74343538764991,83.59670990635207,83.12842340063132,1.1440423179379091
415,2958803.55494026,26.090611147424948,50,1491.2261777701788,2.9493511139205637,0.012916595244178684,0.16213645231626606,0.03805752926126918,True,0.013718281738531441,0.03806192560290872,86.52847927914887,81.52744457904072,83.66150442240716,83.08467227183847,1.1556888639224276
416,2965725.21576538,26.013890369372838,51,1504.7981793903746,3.131211113929318,0.013125983406715343,0.1589184339373529,0.03809145330632099,True,0.013763773784368995,0.03807505484525203,85.14816066057716,81.25797994645426,83.5869959330013,83.056022574505,1.1744234888840526
417,2972561.77658037,26.12949295125142,51,1510.5541800698265,2.988887010288188,0.012756911864024063,0.15240426606926297,0.038112722673293895,True,0.013811835570764555,0.03809187369002537,87.61159094427681,80.97522218734888,83.54034897718286,83.01935054407302,1.1414014839504216
418,2979710.13343252,26.227213198157727,50,1497.4921785099432,2.7991133354846873,0.012183326191140384,0.1419714084950805,0.038198768387153255,True,0.013850749764643778,0.03811857305310169,91.73630635908086,80.74771930489445,83.35216780623654,82.96120136363416,1.090080949233204
419,2986540.19824672,26.084294765823394,51,1513.8421804700047,3.3763334757879555,0.013785192803690893,0.16784302414123486,0.0381159235767203,True,0.013889966024701545,0.03814083425187139,81.07636649404162,80.5197400892721,83.53333341612094,82.91278040405228,1.233405050563088
420,2993861.07911943,26.180834270777353,50,1492.4001779099926,3.2972599376719813,0.013962487224150092,0.1602420817903546,0.03815538728631103,True,0.013945125019521302,0.03816358965326166,80.0468660060744,80.20124972649263,83.44693578146078,82.86334287431205,1.2492681463315043
421,3001174.67199128,26.436665266283395,50,1492.6141779404134,3.8270410253233678,0.013977445475211382,0.18563768828139132,0.038191212528181036,True,0.01396767793387983,0.03818704166563949,79.96120220430805,80.0717527603476,83.3686584380673,82.81245356584526,1.2506065086358493
422,3008698.03288814,27.01291453108293,50,1495.3401782498695,4.333092689886875,0.01470620878346187,0.18915774391944287,0.03824899555597449,True,0.01399389115599228,0.03820929521474312,75.99874042315685,79.92176312439553,83.24271281681354,82.76422260551315,1.3158112800062252
423,3016287.14179283,27.170780596692175,50,1489.4941775598563,4.427978739833343,0.014391503187508545,0.2037708109221986,0.038343180692981094,True,0.013992400447670948,0.038229810194174665,77.66063971087901,79.93027774901556,83.0382377010366,82.71980945473382,1.2876535692642057
424,3023779.94668604,27.05609630699787,50,1490.3881776598282,4.190766049862123,0.014446670348565048,0.18743234197397013,0.038278957437394664,True,0.014002126269801633,0.03824923900026216,77.36407884838887,79.87475849077835,83.17755669821783,82.67779170014582,1.292589550649544
425,3031216.31557252,26.82625453263823,50,1487.1281772800721,4.143319291193659,0.014277846720642652,0.20225767251931767,0.03829911442273023,True,0.014030019066240105,0.038269231900616485,78.2788445492404,79.71596110293186,83.13377999956866,82.63459854551786,1.2774843636348134
426,3038611.65045411,26.867849712432076,50,1488.6701774601825,4.000995049862123,0.013774466678699157,0.1962118727500705,0.03830724895363496,True,0.014072755444477605,0.0382909766828593,81.13950035331733,79.47387834389424,83.11612657048916,82.58767178870052,1.2324453500404928
427,3046026.66733805,26.88206354291559,50,1492.034177860245,4.293557046122171,0.014304230075008483,0.19564664620258582,0.038299147888602864,True,0.014119796693685367,0.03831029959019551,78.13446358750666,79.20910466493933,83.13370735710409,82.54601630842089,1.2798449662748361
428,3053079.22417878,26.750270236002503,51,1507.478179700207,4.008901227097777,0.014527951655031648,0.18473130415468675,0.03835998421555976,True,0.014163988708893212,0.03832877362804768,76.93124058242424,78.96197018679936,83.00186294930937,82.5062300568537,1.299862047693287
429,3060449.48705737,26.638016758151426,50,1492.4641779200174,3.8744789677117417,0.014375254925367878,0.18587031475059468,0.038307869749369235,True,0.014225726997135082,0.03834867269891303,77.7484190538253,78.61928282350887,83.11477963741348,82.46341769326487,1.28619978556509
430,3067593.60390902,26.898141335289708,51,1508.0441797701642,4.127506642687926,0.014338782897301708,0.19207526870473784,0.03837070559245012,True,0.014269403286332373,0.03836778181292232,77.94617938970187,78.3786421699244,82.97867092712625,82.42234670151508,1.2829365171972331
431,3075182.00681363,27.103589319729483,50,1494.2781781298108,4.483325959380153,0.014885866568522279,0.20873101902128835,0.038384352810862186,True,0.014318947900921728,0.03838649601220736,75.08151029020124,78.10744629399726,82.9491685918579,82.3821641273822,1.3318858335233263
432,3082865.09772952,27.35545551100741,50,1491.0001777401194,4.617743585246327,0.0148464206772388,0.2014325625753309,0.038441072545430874,True,0.014355481993496027,0.03840507939476576,75.28099656077735,77.90866615725646,82.82677724027259,82.3423011900808,1.3283564841536186
433,3090426.4426309,27.063246053307886,50,1489.490177560132,4.546584668196015,0.015000604916262667,0.20796653709097737,0.038493831248539986,True,0.014360359886071566,0.03842461610217782,74.50721822100533,77.88220232854788,82.713256886279,82.30043486559475,1.3421518384760005
434,3097978.31953115,27.089513299600227,50,1490.3081776597537,4.261931307182966,0.014259914283988536,0.1903033541551359,0.038524802661744344,True,0.014379701080418432,0.03844460675351174,78.37728345941063,77.77744807788758,82.64676085568293,82.25763980441552,1.275879891484655
435,3105478.94242529,26.984758055362967,50,1490.7661777199246,4.4833265973380705,0.014236418800753372,0.20329547184667845,0.03837120765638017,True,0.014404419739066586,0.038464187979768444,78.50663566345233,77.64397833565647,82.97758520165186,82.2157643472448,1.2737776758609523
436,3112932.73731385,26.928395983892457,50,1494.6121781803668,4.380532129033554,0.015453005191789297,0.19967724808470486,0.038432032008678264,True,0.014439770043246565,0.0384834605356936,72.32595408282882,77.4538964822967,82.84626094916344,82.1745906093778,1.382629530203408
437,3120487.69421447,27.148778615729164,50,1493.2081780098379,4.586120033827335,0.015141581617452503,0.2100531610599116,0.038491788908911126,True,0.014468596401284284,0.038501439376161885,73.81351381779281,77.29958201463923,82.71764557714422,82.13621791788755,1.3547654723754634
438,3128036.56711437,27.217736178283705,50,1492.44017791003,4.649371000670435,0.014832768561546524,0.20425465200944515,0.038525709643787244,True,0.014510848834278204,0.03852002488622597,75.3502853702274,77.07450245886463,82.64481516464457,82.096588049806,1.3271349859355293
439,3135550.76001013,27.135445666832123,50,1492.378177900333,4.238208411828442,0.014469043551260191,0.1863069642306105,0.038502397355380795,True,0.014558574326679329,0.03853870589540829,77.24445226690365,76.82183907995946,82.69485464007342,82.056793067604,1.2945913522633794
440,3142840.03687908,26.9835073991551,51,1500.834178910125,4.33309335339478,0.01423066272800846,0.20867648688289286,0.03857293196809226,True,0.014610465951758052,0.03855574800643644,78.5383903269191,76.54899288295535,82.54363850876938,82.02052296391315,1.2732626617225151
441,3183415.93371609,27.142150278893208,50,1481.8161766501144,4.641469168626564,0.015106013855314137,0.20094664995691855,0.038301640846265805,True,0.014660350490131849,0.03857469877957022,73.987310924509,76.28852085839388,83.12829639276352,81.98022835702885,1.3515831115566184
442,3190659.50857959,27.128206370293242,50,1498.0581785799004,4.499136570067151,0.015269773449353857,0.20037781493179438,0.03848875495418812,True,0.014697988475514904,0.03859133993871933,73.19383929631003,76.09316445042373,82.72416596450863,81.94487726454707,1.3662352033512775
443,3198209.09347957,27.16582282495217,50,1486.5321772098541,4.862865699223359,0.015490301408952975,0.2218041653646046,0.038475601131376054,True,0.01473509029026273,0.03860988373199733,72.15181386316308,75.90156776282956,82.7524472385986,81.90552027309035,1.3859665413915476
444,3205611.23236197,27.023376142477073,50,1491.4181777900085,4.673098854745639,0.01577471824149551,0.2136849212513065,0.03863374823770569,True,0.014787099230311572,0.03862653844499738,70.85092277610848,75.63460802813744,82.41370040016194,81.87020484001806,1.4114142201232658
445,3213117.31525676,27.12400106511921,50,1490.670177699998,4.649375219525243,0.015444172880108522,0.2016361391049306,0.03863929102269894,True,0.014791802262853712,0.038645383676423915,72.36731630883004,75.61056011182897,82.40187820027873,81.8302812369801,1.381839275181926
446,3220352.28811924,26.812012106725504,50,1495.886178319808,4.309369703893189,0.014974292419538607,0.19250819276503986,0.038721691518937805,True,0.014817172599820263,0.03866397136377766,74.6381406633106,75.48109780211072,82.22652543575923,81.79094136499977,1.339797575694584
447,3227419.21896168,26.9525638977848,51,1509.566179950256,4.230297321106679,0.01470954842387955,0.1759214087029295,0.038752743366142255,True,0.014848186762059373,0.038682217500276776,75.98148574898902,75.32343659736331,82.1606388614886,81.7523611393308,1.316110088257723
448,3234970.60386187,26.87161589705943,50,1488.1481774100102,3.8902958651157995,0.01381701052539193,0.18788274222032858,0.038734935272325736,True,0.014842840637857138,0.038698919151091124,80.88966436619002,75.350566744295,82.1984115944126,81.7170785159669,1.236251883335203
449,3242554.982766,27.13682594702277,50,1489.794177599717,4.420069158229019,0.01435904120378652,0.21134139257636297,0.038705180982049524,True,0.014847706866939439,0.03871264689842647,77.83620981938122,75.32587113826338,82.26160094882896,81.68810112752347,1.2847490923196887
450,3250163.475673,27.04026701380304,50,1489.5861775702797,4.60193600924228,0.014869796402817662,0.20596673051558775,0.038836893973417795,True,0.014861758432543185,0.0387289753034747,75.1626527805912,75.25465167760784,81.98261567407631,81.65366085657956,1.3304479846788653
451,3257806.89658417,27.152194930686097,50,1490.0841776300222,4.507047076291606,0.01478526383973799,0.18924181224230838,0.03887098563234372,True,0.014884259708891257,0.03874598581693882,75.59238415070948,75.14088547445135,81.91071311421196,81.6178127379136,1.3228845873637698
452,3265433.08549328,27.101698688202912,50,1492.1741778799333,4.554489176108291,0.015057338286790121,0.19574328857796644,0.03880590085650209,True,0.014912664391289994,0.03876298871780411,74.22648828469178,74.99776195667754,82.04809274680393,81.5820121037332,1.347227953604785
453,3273067.47040336,27.15296711803784,50,1493.2441780096851,4.673096095060142,0.015385505471181659,0.2052533679756645,0.03878462147402502,True,0.01491081029586501,0.03877807721308021,72.6432645346964,75.00708760730073,82.09310885578523,81.55026865762375,1.3765901154854094
454,3280427.30528072,27.086464329370504,51,1505.2761794403195,4.760075411830044,0.01574086966207553,0.2083121152756846,0.03887654841822767,True,0.014910182180221684,0.038792699972446505,71.00327795965617,75.01024740270209,81.89899263548648,81.51952859684725,1.4083856800509202
455,3287644.61814109,27.23858909130396,51,1515.0581806101836,4.7679837643824285,0.015587421265349202,0.20645976206129807,0.03886585897675347,True,0.014896365360402966,0.0388069999926365,71.70226074710693,75.07982162754458,81.92151766160507,81.48948940533451,1.3946561638795985
456,3295233.35504574,27.14724924717694,50,1493.9221780900843,4.475419953806746,0.015070890592773176,0.2051327240907472,0.03888204339064844,True,0.014891580327208219,0.0388221868884312,74.1597410626156,75.10394663179864,81.88741832851657,81.45761143855437,1.3484405215306976
457,3302824.7499507,27.137987636975584,50,1492.484177920036,4.641468235472946,0.014626957353700842,0.2061776542556927,0.03889545434386619,True,0.014881030954934045,0.038838301979552056,76.41051497701159,75.15718887655156,81.85918396656217,81.42381241120475,1.3087204024883259
458,3310382.49285165,26.914124233688966,50,1492.6501779402606,4.1275074240613385,0.014198712141403207,0.19944265535751315,0.03889765539958597,True,0.014877467771732657,0.03885293480779022,78.7151209780505,75.1751891731731,81.85455189752778,81.3931464996744,1.2704039411047796
459,3317906.10374854,26.774589970058802,50,1493.654178049881,4.261927751171655,0.014903645194425596,0.18545547839502044,0.03897671961917213,True,0.014872608334543638,0.03886746042032366,74.99194521626853,75.19975171807056,81.68851005694741,81.36272811637522,1.333476543736342
460,3325391.90464091,26.750910741603267,50,1496.3961783796549,4.040529812343976,0.014981447483420283,0.17723341548632074,0.03888490557631504,True,0.014886797237145812,0.038882056427413256,74.60249386315682,75.12807733869681,81.88139087412158,81.33218521135596,1.3404377620201895
461,3332976.18154502,26.93127754736503,50,1494.2341781300493,4.665190907636855,0.015408490169161857,0.2059934085445151,0.0389475039491494,True,0.014908967040219299,0.03890044027593948,72.53490326910223,75.01636103565613,81.74978701471055,81.29374866506944,1.3786466295275528
462,3340699.82046575,27.222590559565024,50,1494.1021781098098,4.665189411796533,0.015096941279801376,0.20404472739573662,0.03896066081519678,True,0.014905603141112028,0.038917174439339945,74.03177393545327,75.03329074105145,81.72218042450778,81.25879281605944,1.3507713593658142
463,3348382.18738156,27.28850253083301,50,1492.806177960243,4.665192981003589,0.014571233190233849,0.21213459119461808,0.03895586553216739,True,0.014905002199625794,0.03892998715245894,76.70272854408496,75.03631594136012,81.73224003888319,81.23204876405985,1.3037345843255077
464,3355967.44428579,27.31976108381511,50,1497.2301784800366,5.08426169062351,0.015264334309013059,0.2131958889849563,0.03901343997780932,True,0.014884801852310715,0.03894363465830176,73.21992045752907,75.13814864684717,81.61162292811348,81.20358159940359,1.365748546163192
465,3363407.14517267,27.27398297842407,51,1504.5981793599203,4.949844752939853,0.015432900112433166,0.20742563424478436,0.03895617472563411,True,0.014907764779127055,0.038962235455611526,72.42017610433803,75.02241085288166,81.73159133364408,81.16481453831238,1.380830664799568
466,3370681.93203989,27.18321433750703,51,1514.3961805300787,4.815427676670581,0.015460706701242381,0.20758696999718346,0.03902401869109151,True,0.01493038531274732,0.03898074697915985,72.28992603897314,74.90874687627135,81.58949947726425,81.12627026987073,1.3833186087525198
467,3378189.42293485,27.37802702458801,51,1505.108179419767,4.783794670897663,0.015045520661251163,0.210483002130761,0.03894015242292546,True,0.014934200146216766,0.03900359564480308,74.28479007851934,74.88961197838998,81.76522058817255,81.0787457533836,1.346170593056189
468,3385485.00380455,27.213091864278923,51,1510.1141800200567,4.578211612475574,0.014649104416163192,0.20387255672345828,0.039058456130471986,True,0.014930904412092341,0.03902195327609164,76.29499471038635,74.90614254097011,81.51756285404122,81.04060276988534,1.310701970616186
469,3393169.65872063,27.119051470814373,50,1493.5381780397147,4.4437912760985085,0.014835782133631336,0.19820838006263197,0.039048158750156,True,0.01491802533780525,0.039043150241831436,75.33497957006607,74.97081073615676,81.53905983044186,80.99660491444065,1.3274046198160687
470,3400754.05962476,26.952136461804585,50,1494.2741781300865,4.230301584301603,0.014025047463339962,0.19668962621167824,0.03907703037947369,True,0.014889903873046145,0.03906289225316593,79.68980831362599,75.11240258456989,81.4788156028873,80.95567000665366,1.2548656099346658
471,3408360.98653158,26.967135381280606,50,1495.1761782299727,4.594027512696989,0.015256374409444317,0.18946963232181313,0.03910335934135182,True,0.014862463292563242,0.03908191073067892,73.25812240496636,75.25108268677188,81.4239545202075,80.9162744509916,1.3650363486284984
472,3416045.61744765,27.065807578034004,50,1496.7241784301586,4.799608479694108,0.015559167749405857,0.20340916691271704,0.039121765489635814,True,0.014853621722680215,0.03909962316253583,71.83246314609255,75.29587564829808,81.385645886586,80.87961875251156,1.39212823193429
473,3423631.10035191,26.898372347500516,50,1489.3001775396988,4.0879721686265675,0.014433556449147934,0.19488025856300387,0.03910077974750626,True,0.014868896000491965,0.03911626613674282,77.43436954577105,75.21852692498378,81.4293262988093,80.84520653627233,1.2914162083536485
474,3431137.53324674,26.676363996239186,50,1494.7681781901047,4.064250861443238,0.014639680870705853,0.18568448890798592,0.03904329580708377,True,0.014887117709041393,0.03913454785301187,76.3441057092647,75.12646007215625,81.54921573039657,80.80743967275419,1.3098588160280122
475,3438872.57816883,27.10336458802679,50,1494.9501782199368,4.641471506884699,0.015163300194356114,0.20950866733520476,0.039111706094854606,True,0.01490101013641115,0.0391525858135169,73.70778983582126,75.0564185863412,81.40657799165734,80.77021093357787,1.356708702537379
476,3446329.63305778,27.205005891677917,51,1504.4441793398,4.641473764339132,0.015425411814394347,0.19928034668381794,0.03916665060940001,True,0.014883434060743496,0.03916798821251526,72.45533262846965,75.14505386278564,81.29237764930078,80.73844889848864,1.3801606629539118
477,3453785.40194658,26.990382963429933,51,1501.070178939961,4.538678198789395,0.015223105481034628,0.20358714676755504,0.039174396897764925,True,0.014859569426593288,0.039181276988300956,73.41822240773881,75.26573765698924,81.2763030125735,80.71106553512818,1.3620596717759015
478,3460977.50480394,26.97018013319944,51,1514.2321805097163,4.143321764345089,0.014209671208334359,0.1843986151028212,0.03906866114768413,True,0.014833634377976048,0.039192641438916084,78.65441272754671,75.39733187831133,81.49626987630458,80.68766224092057,1.2713844836836778
479,3468433.97969282,26.879670321447605,51,1503.8961792797782,4.111695321325186,0.01449591775722207,0.18316394297990457,0.03910574494324075,True,0.014794179766550475,0.039209172534333085,77.10124758304711,75.59840909102101,81.41898734364587,80.65364327654913,1.2969958729570892
480,3475579.2345446,26.585813928253724,51,1510.852180100046,3.8191313873128507,0.013670597114613232,0.17866006888433975,0.039037170779059126,True,0.014753793098955352,0.039223178708909824,81.75600045650886,75.80535030255903,81.56201100274258,80.62484272939398,1.2231518097347625
481,3483026.6314324,26.25327131905482,50,1498.4781786301173,3.510753353419865,0.014094746204369651,0.17201080487681505,0.039145237277979555,True,0.014706629639487146,0.03923615764894416,79.2957409617332,76.048454443624,81.33684642112605,80.5981728141483,1.2611017780048641
482,3490642.79034031,26.719576376759832,50,1497.1241784701124,4.127511683270207,0.014347848582539409,0.18731150512100814,0.03920622245802612,True,0.014663081063246534,0.039249386470315104,77.89692911195023,76.27431433637327,81.21032716187523,80.57100757853911,1.28374765289321
483,3498185.37923946,26.631441604905476,50,1499.5441787601449,3.8586664457819744,0.014664698333967961,0.18081033547199465,0.03918734678557715,True,0.01463209766342984,0.03926209261614897,76.21386533088365,76.43582484779738,81.24944436833907,80.54493288653826,1.3120972080461129
484,3505775.7661443,26.82177356764301,50,1494.744178189896,4.1670426992123915,0.014752773619622619,0.19331630515809534,0.039234637487745395,True,0.01461789388351532,0.03927481091539773,75.75886221533833,76.51009530306092,81.1515119412545,80.51885014965052,1.3199775840193206
485,3513336.53304561,26.668682544984794,50,1496.3741783802398,4.364720967718782,0.014983548316699477,0.20869455679131424,0.03926919902331353,True,0.014585617053555194,0.039286650355445825,74.5920338974327,76.67940616096035,81.08008902110019,80.49458495802784,1.3406257302563869
486,3521054.74196569,27.035284544251954,50,1496.8161784396507,4.435886392964576,0.015367078757501219,0.19546152967703956,0.03930878393121772,True,0.014563643768491685,0.03930198930124259,72.73037130739644,76.79509825538803,80.99843938618957,80.46316919262878,1.3749414187974205
487,3528722.72887979,27.001462612672334,50,1496.4741783901118,4.6968160763149704,0.015281446337318517,0.2085325955454882,0.039285474342102236,True,0.014520127746343441,0.03931238350255461,73.13792943889538,77.02524893001963,81.0464988884027,80.44189471613369,1.367279613768694
488,3535872.06373205,27.024756957069382,51,1522.2061814600602,4.443791638066422,0.01511093360165451,0.1825110994541159,0.0391452372779794,True,0.014496707479877208,0.039324429453702785,73.96322248551837,77.1496876590947,81.33684642112638,80.41725356691731,1.3520232969113042
489,3543356.8086243,26.65637753244675,50,1497.5721785197966,3.8507553712216414,0.013802550848477481,0.1865134479410091,0.039221732441771295,True,0.014480007308524126,0.03933599990922963,80.97440510906381,77.23866641278534,81.17821305635756,80.39359929962694,1.2349581300457302
490,3583011.08075787,26.722817901004042,51,1504.9600714799017,4.396348849769588,0.015640152818893496,0.19270312936398348,0.039451038018179015,True,0.014438443438903477,0.03934226439875656,71.46051300681214,77.46101294716338,80.70637206378193,80.3807981843749,1.3993742237132016
491,3590305.83910435,26.97907056217557,51,1503.4180714096874,4.767981523412413,0.01538430994264202,0.21081091660826556,0.03951701966905654,True,0.014385433474538679,0.03934804273681956,72.64890970801177,77.74645485221671,80.57161646455657,80.36899410484826,1.3764831477440163
492,3598008.01347019,26.99363332640512,50,1486.078070580028,4.601934815975813,0.015300570362255959,0.20582261507168528,0.03946692279407071,True,0.014345624356825768,0.03935187319323322,73.046515095943,77.96220131929194,80.67388909975774,80.3611710991322,1.3689907011129796
493,3605592.05983041,26.850183936882367,50,1485.176070540212,4.364720170704093,0.01510169100900808,0.20290555568172722,0.039424994149904476,True,0.014308058612224771,0.03935770370994703,74.00848972981858,78.16689073402426,80.75968611412657,80.34926625949298,1.3511963327467296
494,3613091.49818661,26.727911463007672,50,1489.3400707398541,4.174952586849507,0.014833468620311357,0.1790481405606377,0.039556646384105845,True,0.014281573662816975,0.039361680878535255,75.3467292479841,78.31184997978619,80.49090212755995,80.34114763826742,1.3271976224200916
495,3620624.3565444,26.58759718637154,50,1489.1260707299225,3.8586687881451702,0.01434052353878127,0.18754492756516059,0.03964059081576454,True,0.014253109886667675,0.03936225226921722,77.93671834369108,78.46824047879912,80.32045151383936,80.33998138937433,1.2830922579273545
496,3628003.87089491,26.687759934891538,50,1498.078071160242,4.111696188033324,0.014044703275480368,0.18871302615956606,0.03960923337586124,True,0.01422979794808252,0.03936463157559501,79.57828100891943,78.59679091989472,80.38403880187019,80.33512542038743,1.2566242779716048
497,3635593.02525538,26.610305414502005,50,1491.7880708496086,4.1591376575175225,0.014523372355504206,0.189977553195449,0.03962502554364083,True,0.014184293322446329,0.039366485628438135,76.95549742753026,78.848937252864,80.35200252655822,80.33134185766116,1.2994523231979085
498,3643331.90563151,26.997549813091002,50,1492.37007504981,4.6651929816992705,0.01548853659227889,0.21374350670615513,0.03960153505069888,True,0.014128030854550097,0.03936798458962723,72.160035086867,79.16293966739104,80.39966502615084,80.32828319044799,1.3858086376298715
499,3651062.6820203,26.995623297214046,50,1489.0040748897009,4.427979941541256,0.014746317661412713,0.20625197006808194,0.039667302802046625,True,0.01411115908481654,0.039371910683932546,75.79202954970086,79.25758950313252,80.2663636720288,80.32027300222721,1.319399948902009
500,3658741.41640648,26.88736081277511,50,1492.1400750400499,4.372628922055835,0.015067554999644147,0.20719997889512054,0.03962511696780635,True,0.014087661157247794,0.039374021033008924,74.17615823997083,79.38978952389039,80.35181713619622,80.31596803642749,1.3481420754029898
501,3666096.46877637,26.94754760172834,51,1503.0300755901262,4.064253370104407,0.013973416543767254,0.18903418711653153,0.03962241632233458,True,0.014047890110961893,0.03937525549514635,79.9842572818449,79.61455032204888,80.35729387868793,80.31345003317075,1.2502460273235945
502,3673229.3931351,26.527490774668486,51,1510.0720759397373,3.6056405609998343,0.013568167498077452,0.16523638935544468,0.03954871319741391,True,0.014010854877430404,0.03938439934341469,82.37319771453548,79.82499739965235,80.50704802212782,80.29480371601845,1.2139871061167873
503,3680233.85548736,26.30818123396217,51,1519.7560764299706,3.558196401924075,0.013734650807310846,0.16413218380952901,0.039385487837873476,True,0.013981038076975733,0.03939086522673902,81.37471855841795,79.99523697740443,80.84069354946122,80.28162358327982,1.2288828973739068
504,3687768.45786629,26.09890287647423,50,1494.4020751500502,3.123305579293625,0.013373320288477462,0.14748413991521245,0.03962770734029199,True,0.01395730034888057,0.03940162449739934,83.57336247349473,80.13128801426774,80.34656472190707,80.25970134712331,1.1965535064688804
505,3695283.91224425,25.98330346491434,50,1493.9020751300268,3.0600521410922603,0.013681149614724265,0.15510180565409137,0.03959086332164166,True,0.01394068299611023,0.03941258418148644,81.69294068242624,80.2268048466386,80.42133677992089,80.23738307010704,1.224095975486984
506,3702754.16261994,25.975369680811077,50,1496.6120752701536,3.13121370770876,0.013182084832470676,0.16561938519135733,0.03952778491850447,True,0.013938377473684259,0.039425612421386064,84.78577995417056,80.24007502088142,80.54967307583767,80.2108685326946,1.179443061903872
507,3710254.49323745,26.14819535180959,50,1495.226155960001,3.1391232873940886,0.012849913204501968,0.17537080269672392,0.03955671328056635,True,0.013920183580816875,0.039436982381367475,86.97750141623509,80.34495002630969,80.49076600511678,80.1877431739521,1.149722609718345
508,3717783.14802275,26.112904105296693,50,1496.768156120088,3.186563049885091,0.013046803963049485,0.1664454478892743,0.0395434677813935,True,0.013917285721919087,0.03944566067973044,85.66491434288663,80.36167946141494,80.51772723118924,80.17010135611143,1.1673390521910745
509,3725327.91480973,25.946215868122184,50,1495.6221560002305,2.87818614719842,0.013474319365762625,0.1441034240589204,0.039546288661272785,True,0.013900883765541905,0.03945724135444042,82.9469239673028,80.45649996226616,80.51198381393414,80.14657148343403,1.2055902151895868
510,3732876.52759711,26.105768452569563,50,1496.6101561100222,3.1786560230767336,0.013257526866459118,0.16431013700625827,0.039580531061625,True,0.013895545297189974,0.039467170607256026,84.30330597863431,80.4874101906573,80.44233028708744,80.12640800177779,1.186193100664388
511,3740430.42238504,26.139871765563846,50,1498.6121563198976,3.502844693500691,0.013860809945181352,0.17434649978505604,0.039667191811949956,True,0.013896695261912242,0.03947941959638848,80.63405734320853,80.48074978107347,80.26658825993272,80.10154777052641,1.2401707567488227
512,3747651.00113821,26.33454313350098,51,1514.4261579602025,3.305168845322882,0.013189173039601402,0.16393857224830968,0.03947760821606271,True,0.013900697481505422,0.03949161640901786,84.7402138547456,80.45757816439193,80.65205306186891,80.07680875859634,1.1800772663433003
513,3755042.42990919,26.074767539079406,51,1506.5721571496688,3.3526109191697095,0.013902507690023543,0.1769300236219555,0.03957500432375332,True,0.013890169401739448,0.03950189128660098,80.39221188455787,80.5185611355993,80.45356423843832,80.05597989748506,1.2439015866195287
514,3762325.97066892,26.078434763442548,51,1509.2721574301831,3.352610772697478,0.013719524451226591,0.1572479881941536,0.03954595876403672,True,0.013875004976634419,0.03952540884725283,81.46443762802176,80.60656237898348,80.51265545477331,80.00834670613573,1.2275294941784185
515,3769400.48140685,26.244867255082927,51,1520.5361586101353,3.281448191686618,0.013144576958359926,0.14407621878239144,0.0393329289436827,True,0.013886509447346552,0.03954633755752706,85.02771504047854,80.53978275811396,80.94871747680868,79.96600469392544,1.1760871130954016
516,3776382.70013516,26.155071546503322,51,1526.898159260396,3.3209831084454073,0.012729391929828505,0.18066287340623008,0.039250869966847415,True,0.013853008273225092,0.03956194204887555,87.80100024448892,80.73455469736842,81.11795115081097,79.9344635520149,1.1389391878975963
517,3783350.964862,26.00563354711564,51,1527.3581593199633,3.241910185914591,0.013430441697883998,0.16517967318058485,0.03921937196818735,True,0.013824731877285482,0.0395762050611069,83.21791413004364,80.89968500549264,81.18309888236382,79.90565568047724,1.2016643406705203
518,3790328.72158984,26.200357181041884,51,1529.158159499988,3.3526116437006515,0.013129667686600295,0.16049002509015606,0.0392375087753306,True,0.013802344126223696,0.03959108656021839,85.12426746974778,81.03090633951508,81.14557350795354,79.87562073960227,1.1747531331249783
519,3797329.23832005,26.11577300120105,51,1528.1761594000272,3.1074915463746144,0.013298371996365585,0.15755627524665253,0.039261291728471204,True,0.013775148453913104,0.03960400011088934,84.04437357057843,81.19088210915652,81.09641869701014,79.84957594935618,1.1898476443646437
520,3804232.94104016,26.15003482763565,52,1535.7701602000743,3.1312110048550537,0.013384129550017063,0.15905781299779195,0.039077299674936034,True,0.013774346776405832,0.03961727606788283,83.5058671366225,81.19560748053267,81.4782541036153,79.8228179376636,1.1975206454828689
521,3811258.15977295,26.20862264491879,51,1526.6701592397876,3.3209848865587084,0.012836138595497036,0.16433143696855335,0.03919837500474098,True,0.013777711168015962,0.039627204103092804,87.07083798044567,81.175780252537,81.22658534218493,79.80281946022919,1.1484901516339237
522,3818226.33449979,26.101326372350293,51,1529.3081595199183,3.0521415046989304,0.012935638501998496,0.14963718763590844,0.0391979160363511,True,0.013780249891563767,0.039637642552885696,86.40109599308884,81.16082530858023,81.22753642425407,79.78180363611314,1.1573927247757805
523,3825198.77722707,26.04568196225709,51,1528.496159429662,3.2023766156213647,0.01268978188669815,0.16306614110687914,0.03919821251027996,True,0.013787885028320693,0.03964756345930146,88.07506337950768,81.1158819398719,81.22692206341175,79.76184004343568,1.1353951513399847
524,3832214.07795882,25.967156006336904,51,1528.4261594302952,3.1707483269581225,0.013573096192736512,0.15286953510417522,0.03930101055707738,True,0.013760410697881085,0.03965737748993815,82.34328616496268,81.2778396454409,81.01446012370263,79.74210134180258,1.2144280921060104
525,3839205.86268812,26.077753434958954,52,1531.5321597498842,3.21819095794271,0.013441286564699829,0.15366384760552523,0.03915092360997901,True,0.013761169116937002,0.03966476670291508,83.15077121250465,81.27336018138614,81.3250329498234,79.72724605790654,1.2026346654018327
526,3846204.70941816,26.230361383333133,52,1531.710159770213,3.2735387876134823,0.013134976833775127,0.15396486059200631,0.03917466366386319,True,0.01375324892076064,0.039674273911121334,85.0898603086339,81.32016373742277,81.27574954867086,79.70814089344451,1.1752281594109992
527,3853782.20620855,26.032493990283932,51,1504.1721569001675,2.965163298950362,0.013536614904288414,0.14369549976659385,0.03963298687108569,True,0.013767033114624795,0.03968755446737104,82.5652019981003,81.23874220725804,80.33586171423323,79.68146833921682,1.2111639951823254
528,3861126.96097467,26.061727192969993,51,1512.7821577899158,3.241912524942549,0.013702448657846438,0.1638291218199693,0.03950415694730583,True,0.013790309636200922,0.03970165969028924,81.56595743221894,81.10162017115519,80.59785092603289,79.65315907249744,1.2260016686269462
529,3868737.49176851,26.15023333349468,51,1502.2081566900015,2.9414405736103646,0.01299904707548091,0.1558220894669491,0.03961738395136001,True,0.013820404278050431,0.03971979363285643,85.97963661899574,80.9250172177711,80.36750120872786,79.61679368184947,1.1630660915466298
530,3876308.48655823,25.965228852491357,51,1502.5701567297801,3.352614546375964,0.01364843276593485,0.15941582410007615,0.039664688831682775,True,0.013829100637067623,0.039731679743170385,81.88876797141289,80.87412793569358,80.27165336172594,79.592975559921,1.221168694954167
531,3883886.82534871,25.982387223782748,51,1501.8021566499956,3.3367952267727468,0.013553015470888606,0.15056228075327327,0.03970161101394027,True,0.013865771899773362,0.03974190987669296,82.46528946593085,80.66023747124163,80.1970013629823,79.57248719461688,1.212631406045912
532,3891465.35213921,25.994616992678512,51,1500.1161564700305,2.87818663628558,0.013166857668133166,0.15594008318815353,0.0397251052370316,True,0.013910904890275267,0.039753377399849806,84.88383273467343,80.39854078361522,80.14957124970672,79.54953318670017,1.1780806390732963
533,3899104.39093602,26.26202886486811,51,1508.7081573703326,3.874482505100744,0.014200057778752228,0.18920827277164295,0.039648815674536826,True,0.01395563647548413,0.03976608387287949,78.70766171215377,80.14084173964483,80.30378961968215,79.52411469185435,1.2705243395588413
534,3906754.561734,26.310617997226775,50,1498.1781562697142,3.5819158684372354,0.013828198558731557,0.1681405073477833,0.039777961195786395,True,0.01398825298502545,0.03978060250101642,80.82421865698093,79.9539767657236,80.04307050646004,79.4950909723393,1.237252912267005
535,3914396.3845311,26.533227847448433,51,1505.3881570301019,3.874480958767492,0.014480511733674288,0.17811208593000413,0.03974102938134137,True,0.014001027686632134,0.039792944827806286,77.18327670312758,79.88102582109936,80.11745549028086,79.47043448121465,1.2956174470240227
536,3922213.41334648,26.942810863725686,51,1500.694156540092,4.483327711336795,0.015042196517535113,0.19847067801415286,0.039893897469068615,True,0.014008570195953309,0.03980182773185437,74.30120611974374,79.83801619389168,79.81045609961296,79.4526984051502,1.3458731713438805
537,3929915.69414989,26.73101933380981,51,1502.2741566998884,4.530770010292368,0.015571191956753447,0.19864589618314873,0.039930821375316415,True,0.014024686581293256,0.039810715118009515,71.77699350487589,79.74627081146907,79.73665561925426,79.43496130071232,1.3932040760144369
538,3937435.38493426,26.88653400314281,51,1510.4901575497352,4.31727757360056,0.014744514269253736,0.1887166056835162,0.039809493098841214,True,0.014050760908699195,0.039824408263857074,75.8012996246119,79.59828378158136,79.97967079591479,79.40764854057589,1.3192385936689917
539,3978680.68123648,26.59117757320005,50,1488.9021553001367,3.7637828482391775,0.014337547921298073,0.17789669622850457,0.04034463287122391,True,0.014078174321861802,0.03983303902395757,77.95289334536916,79.44328778633,78.91880346911115,79.39044301517558,1.2828260199657544
540,3986338.84203528,26.559056051540914,50,1488.2841552398168,3.9693665582461968,0.014389278854796204,0.19104553423138493,0.040289096665756675,True,0.014124051743396976,0.039850197705968225,77.67264469758567,79.18524191761408,79.02758850643899,79.3562591103319,1.2874545511408755
541,3993675.51480056,26.469875566367755,51,1500.5681565199047,3.724246434213505,0.013931592938699094,0.17473328375241237,0.04024686707695223,True,0.014147473963726457,0.03986620824643005,80.22437555137412,79.05414472048949,79.11050931019878,79.32438909677228,1.2465039363381123
542,4001285.02959429,26.286489995394412,50,1494.852155929897,3.4633126044262,0.013942213749721797,0.16892982837623033,0.040244433292855084,True,0.014194862412762785,0.03988610141257052,80.1632627361899,78.79022857961665,79.11529352216854,79.2848261112859,1.2474542140848965
543,4008755.82837356,26.630620754129115,51,1504.898156969808,3.8428519175248006,0.014158795058104977,0.17799711154314954,0.04022587924875682,True,0.014226741412481187,0.039909972403195146,78.93703802876114,78.6136769996112,79.15178517063643,79.23740419573915,1.2668324326866598
544,4016020.95513137,26.77161487578851,51,1515.5501580797136,3.9377392927554986,0.013714711721167989,0.1825417120883849,0.04008358523412293,True,0.014270148671725134,0.039933332483360215,81.49302491119988,78.37454814845891,79.43276865082126,79.19105213847331,1.2270988839108794
545,4023813.88994424,26.82922236062441,51,1500.8201565397903,4.380537267989482,0.014792583067440359,0.1801335057496341,0.04023372019077365,True,0.014315985941234743,0.0399557667374592,75.55498176671463,78.12360662749617,79.13635968785461,79.14658816415606,1.3235394619486145
546,4031377.6687332,26.90398350476188,51,1503.048156779725,4.206581823908788,0.014512107510897956,0.18853158156077612,0.04014692061147312,True,0.014360167276765007,0.03998040780851163,77.01523318399892,77.88324694291028,79.30745631553265,79.09780785376374,1.2984444217177467
547,4039022.64953063,26.687366535163278,51,1500.8661565599032,4.080065625864773,0.014174178176418428,0.1964231694041755,0.04014159431529935,True,0.014384163430353966,0.040000864773399855,78.85136831442597,77.75331944558324,79.31797944019497,79.05735620135157,1.2682088092155495
548,4046681.53232952,26.499370869405805,51,1501.6921566296369,4.064252340182744,0.01491276433010739,0.17703691780953779,0.040130991770844573,True,0.014414246895343522,0.04002117624853124,74.94608774086484,77.59104324202255,79.3389351247163,79.01723315463087,1.3342924618135765
549,4054146.40510816,26.34128885895909,51,1502.752156750299,3.8033173129247224,0.014087345739858956,0.17404073279782167,0.040102050613170126,True,0.014467474290172788,0.040044480436261125,79.337397163524,77.30557744398321,79.39619306030959,78.97124847920819,1.2604396349043658
550,4061732.34989944,25.965298796204866,51,1501.2021565898322,3.5502894643015495,0.014784997033264396,0.15332821007717332,0.040044152663869965,True,0.014500446258978486,0.040061274258119006,75.59374827255546,77.1297954685553,79.51098826646658,78.93814346436744,1.3228607153398713
551,4069336.56069262,26.72986206753579,51,1507.7941572698765,4.356815845310681,0.014663624994649712,0.18379086392889085,0.04010998458632502,True,0.014554519302357438,0.0400888152705726,76.21944398815873,76.84324235817498,79.38048806139626,78.88391296696955,1.3120011729630385
552,4077137.41150631,26.848739817104725,50,1497.7281562299468,4.317281457269775,0.014676410430839159,0.1919744099014305,0.04029972469106941,True,0.01461282431922209,0.04011025545413406,76.15304499760869,76.53663862136455,79.0067469940592,78.84174705316748,1.3131451266091199
553,4085013.25632783,26.998953999168,50,1499.352156390436,4.562397851951587,0.014755270098459965,0.21809065284249404,0.04026807956624223,True,0.01465815648833297,0.040122296620262864,75.74604439533232,76.29993956252153,79.06883533792232,78.81808573130603,1.320200951922146
554,4092949.69515566,27.106076313142363,50,1498.7901563397609,4.847055030067153,0.01526947754163571,0.20445356178230226,0.04031031890880034,True,0.014703531355571333,0.040132625110717864,73.19525772218017,76.06447914527743,78.98598271576705,78.79780119113676,1.3662087275464585
555,4100666.40996058,26.782940202522834,50,1499.3001563898288,3.8586663937939605,0.013816834598354266,0.1822851527032387,0.04023389896630403,True,0.01476075732015245,0.04014156042902604,80.8906943183783,75.76958484581586,79.13600805291395,78.78026117953526,1.2362361425835229
556,4108365.48276365,26.88501960484054,51,1510.1541575202718,4.475423049810281,0.015551384012717011,0.19347642283326036,0.040112600131292524,True,0.014798128211873056,0.040145229513659245,71.86841653637494,75.5782378787909,79.37531205098091,78.7730610352293,1.3914317962528315
557,4115975.85955748,26.984627796615765,51,1511.4901576600969,4.657281445767136,0.015483867348067745,0.20604332736959366,0.040112628599503715,True,0.014843365347824948,0.04014760417034199,72.18179533697321,75.3479031169757,79.3752557177705,78.76840175406738,1.3853908654975298
558,4123799.49037355,26.863965063304832,50,1499.5001564100385,4.420072000000001,0.015131224050154057,0.1934684423635787,0.040204743405080144,True,0.014872742759015744,0.040162489887495316,73.86404036041544,75.19907203933941,79.19339567766642,78.73920724564883,1.353838747882061
559,4131610.59118831,26.801169476384572,50,1497.9981562499888,4.522864534832962,0.014710245949656699,0.21336030976793666,0.04028391781637731,True,0.014884534920246377,0.04017820703999002,75.97788288299499,75.13949613813502,79.03774819298077,78.70840556934803,1.3161724981078198
560,4139346.17599519,26.585139148813724,50,1496.1181560596451,3.9930876898719454,0.014125829147703698,0.1898055597981307,0.04017574732755587,True,0.014907521202586949,0.040191283697886104,79.12125598126426,75.02363665689144,79.2505519969194,78.68279695975711,1.2638828678191694
561,4146884.79478153,26.208526661831023,51,1504.8561569703743,3.3763339920801414,0.013642194841838966,0.16015742708333966,0.040033559168077146,True,0.014926539855709286,0.04020032616732259,81.92621179367413,74.92804527835719,79.53202809747806,78.66509842707049,1.2206105680425992
562,4154695.47759625,26.952065813399088,51,1507.7581572700292,4.325186812343851,0.014682745597518641,0.180857126126704,0.04012044850586234,True,0.014936019339413072,0.040212830885928044,76.1201872306464,74.880490493643,79.35978462783953,78.64063646062273,1.313711954123969
563,4162349.88839466,27.124305205824008,51,1510.6221575699747,4.356816546346259,0.014518963737304384,0.18579644043663354,0.040175958654288337,True,0.014941433926278353,0.040235720735098596,76.97886461906499,74.85335475002607,79.25013513666862,78.59589829576889,1.299057870103846
564,4169788.19917054,27.12458413204281,51,1525.7261591497809,4.752169418514185,0.015300591761316418,0.1996288231353742,0.04001517308887885,True,0.014946148518902962,0.040260944220796326,73.04641293474445,74.82974311029258,79.56857128983545,78.546657957398,1.368992615754989
565,4177888.32401545,27.302071904844833,51,1501.5861566299573,4.9656570927727905,0.01605927294952052,0.19923953501809308,0.04042105154657999,True,0.014954844219982345,0.040273700044092066,69.59551328732087,74.78623232085455,78.76960224373367,78.52178000259677,1.4368742350129802
566,4185457.92880502,27.089723484137245,51,1508.6921573700383,4.214484406154003,0.014339110195163445,0.1877494874719892,0.040149466507235596,True,0.01496701213634271,0.04028502034247627,77.9444002264555,74.72543243564718,79.30242739399193,78.49971497763882,1.2829658015780505
567,4193391.96163261,27.274328225809715,51,1507.0861572003923,4.57821198966376,0.015146202830681217,0.18476825052177767,0.04026542144001133,True,0.014987918869630305,0.04029747938418326,73.7909927945155,74.62119750487918,79.07405507579523,78.4754446947864,1.3551789470230213
568,4201461.94847437,27.32326460610128,50,1499.0961563698947,4.854958232153329,0.015056270683522452,0.2035451992529681,0.040436792490043165,True,0.015013999328642873,0.0403111662210825,74.23175150312787,74.49157480806167,78.73893938005969,78.44879995307285,1.3471324317444024
569,4209453.19930792,27.185579058549884,50,1498.4861563099548,4.894496129016513,0.015343437908041557,0.21928303605790772,0.04042887286374928,True,0.015040303641867725,0.04032371979594922,72.84243274822401,74.36129487734877,78.75436357891799,78.42437728352752,1.3728261967952051
570,4217365.77813327,26.99175869552131,50,1498.7441563298926,4.688912797937665,0.01563607274135572,0.19181459646394855,0.04040543868751958,True,0.015082261635813747,0.04033354225113024,71.47915991635136,74.1544259848961,78.8000392031635,78.40527854119115,1.3990091661972535
571,4225220.43495257,26.959620819672253,51,1501.3781566098332,4.6810042926833795,0.01563737766206047,0.19715391419217648,0.04033399429860985,True,0.015109742493452344,0.040344286714378376,71.4731950648431,74.01955755648669,78.93961924587516,78.38439770025055,1.3991259216036336
572,4232917.1517554,26.470753406089216,51,1500.7621565498412,3.8270370514706933,0.01405994242853397,0.18259871126866248,0.040241680214040294,True,0.015136615059674369,0.04035466655421147,79.49202847906723,73.88814802705625,79.1207060853956,78.3642360296678,1.2579877734707454
573,4240738.60057124,26.692154736688927,51,1506.9441571896896,4.151227670083792,0.014469895216465765,0.1916370436015797,0.04023380126805207,True,0.015147316242222476,0.0403586424618402,77.23990583368247,73.8359479839902,79.13620021595621,78.3565160236209,1.2946675534584517
574,4248693.55340101,27.187044434223193,51,1505.9241570802405,4.752171587596692,0.015404379022990808,0.1995830997497656,0.04038672608450397,True,0.015154611742500648,0.04035993669239057,72.55426150414677,73.80040301667535,78.83655005695584,78.35400334879608,1.378278792202157
575,4256396.82620452,27.421629412883625,51,1518.8901584399864,4.862862449379335,0.015254666601827005,0.2083663948789471,0.04015749547182945,True,0.015167551795980309,0.04037187159712874,73.2663238807992,73.73744090026383,79.2865719136072,78.33084000439744,1.3648835456484765
576,4264568.5810569,27.419063889025146,51,1503.1361567899585,5.384734232106698,0.016199011777026463,0.21805370293687962,0.040555515245112306,True,0.015148684307636783,0.04038401502690938,68.9951559593364,73.82927991931089,78.50843796100672,78.30728600525649,1.4493771124162942
577,4272316.62186509,27.510546430093,51,1518.996158439666,5.463806680366783,0.01610853269387239,0.22215895588791285,0.040268113025497335,True,0.01514433295574579,0.04039553590848058,69.38269084981391,73.85049294848335,79.06876963868456,78.2849526224225,1.4412816610343828
578,4279965.10266289,27.42113488144975,51,1521.0901586599648,5.487524329924952,0.01584855552894335,0.24989432197815953,0.040247086343655133,True,0.015133101126667273,0.04040028924140619,70.5208333909017,73.90530498649318,79.11007831501085,78.27574193482923,1.4180206771061281
579,4287385.40943689,27.178493614509602,51,1529.6101595498621,4.7837933270340685,0.01601656688700294,0.19573551310140008,0.04003090996051041,True,0.015121000330034908,0.04040674950187821,69.78108054167444,73.96444876310684,79.53729145149228,78.26322715232943,1.433053187752419
580,4294909.86422175,27.153600908802943,51,1523.630158919841,4.839146676682958,0.015917571269117907,0.21458057449352153,0.040073085185076934,True,0.015110884518454035,0.0404096410125023,70.21506767878944,74.01396343092506,79.45358182162757,78.25762702950932,1.4241957349172059
581,4302288.22699137,27.19662224637854,52,1534.3721600500867,4.854961915885664,0.015554348243685743,0.2151710205407191,0.039851812147976805,True,0.01512634450095674,0.04041315328882851,71.85472039285074,73.93831695999313,79.89473956102657,78.25082571883712,1.391697015426762
582,4309633.28375752,27.070600837568048,52,1536.1381602296606,4.981471327001589,0.015860109404435045,0.2215509651226323,0.039822718504759914,True,0.01511636183100845,0.040421470954455044,70.46945991624325,73.98714496655947,79.9531089826776,78.23472377628131,1.4190544390990119
583,4317638.80859256,27.106349233745647,51,1500.6641565300524,4.356814636275356,0.014665105638863698,0.19851301579033126,0.04048427681185096,True,0.015127490653609299,0.0404334036237897,76.21174858646758,73.93271493385079,78.64658586825797,78.21163521569422,1.3121336509107628
584,4325640.33142718,27.188882544103855,51,1502.4221567194909,4.420072544710592,0.014801458001514474,0.20793181783263945,0.04045039045176691,True,0.015131463006525741,0.040445293030127775,75.50967910247157,73.91330591598772,78.71247018972801,78.1886439145618,1.3243335305312096
585,4333599.90625743,26.977568948173058,51,1502.980156769976,4.483327381434151,0.015000498958100876,0.1914599982666566,0.04044487074848685,True,0.01513420415230434,0.040448697914507975,74.50774451335768,73.89991854890486,78.72321245374933,78.18206216271068,1.3421423580622143
586,4341232.34505356,27.113997170744007,51,1522.4841587999836,4.934027432971728,0.015450463042913375,0.20014978409916054,0.0402021953226014,True,0.01513441329596157,0.04045902998841111,72.33785426616707,73.89889732007147,79.19841508773445,78.16209671014309,1.3824020760569555
587,4349280.037893,27.203474311124086,51,1503.8581568598747,4.8549621859687235,0.015525650186428284,0.2096700057490131,0.040531638117947695,True,0.01514221718092798,0.04046212882970566,71.98753871963845,73.86081184771695,78.55468716394381,78.15611057100608,1.389129308956003
588,4390611.09020416,26.96895707006165,51,1511.0241576107219,5.021008804095587,0.0158473358868827,0.22644707357165836,0.04109820368301408,True,0.015152211821784174,0.04046440541175609,70.52626081259388,73.81209207687111,77.47175952396894,78.15171340276287,1.417911551851305
589,4398377.33701424,26.76232814365589,50,1495.014155949466,4.325185366548528,0.014984958493108842,0.19524957535176005,0.0410958908694257,True,0.015159619297817718,0.040461560641914446,74.58501433000599,73.77602512213409,77.47611951554845,78.15720809040798,1.340751903225475
590,4406017.16181114,26.67997189427183,51,1500.2881564898416,4.285651257720183,0.014781028676346583,0.19249060309042978,0.040995179859306195,True,0.015164592071928858,0.04046166102007082,75.61404340765529,73.7518324827271,77.66645160540216,78.15701419633004,1.322505653823172
591,4413825.87062565,26.542694366587952,50,1496.4661560906097,3.8586662725711562,0.015009842589174836,0.173257753653646,0.040866431883351526,True,0.015144305840690155,0.040456078897681075,74.46136342223365,73.85062517377291,77.91113649671635,78.16779828689809,1.3429783624563012
592,4421730.53545017,26.80568658072413,50,1497.0121561503038,4.277742445729338,0.014997836336366456,0.18927308202678506,0.040882278204008436,True,0.015148684014451816,0.04045763133648256,74.52097215069645,73.8292813481898,77.88093747391459,78.16479883490156,1.3419041248258903
593,4429763.07228803,27.004589539026167,50,1499.0481563601643,4.554490881241897,0.015272317159362865,0.19636991717251245,0.04094246197471699,True,0.015145321913530409,0.04045634168368666,73.18164835634506,73.84567066604417,77.76645563141102,78.16729054441267,1.3664627971772731
594,4437772.82512351,27.21514342861037,51,1502.010156669654,4.696816298962876,0.015500315032572216,0.18605325987879529,0.04086611156695893,True,0.015150497866537951,0.040463778694806864,72.10520183586215,73.82044233859612,77.91174717909422,78.15292384343303,1.3868624921498935
595,4445371.69791614,27.32072118407801,51,1521.38415869046,4.973563711346369,0.0158545694124152,0.21239684402915524,0.040584530448355215,True,0.015147217976990071,0.040469868786929486,70.49408374773456,73.8364269832757,78.45230972055262,78.14116303174458,1.418558758390395
596,4453293.0367424,27.179156954069338,51,1506.4481571298093,4.997287752585564,0.016194106807008814,0.1995711073597841,0.0407816878164286,True,0.015149042210520483,0.04047755799194675,69.01605363374208,73.82753566962056,78.07303530274514,78.12631916633754,1.4489382491462055
597,4461027.8635492,27.210860195498142,51,1514.478157970123,5.250312134013026,0.015882608388221163,0.2184099133134425,0.04067629244296108,True,0.015143585455083056,0.04047709509198226,70.36963429583395,73.85413827360044,78.27532848679122,78.12721262646075,1.421067494747164
598,4468466.48832511,27.180408851188417,51,1525.4141591107473,4.530770806173031,0.014719938486371877,0.1960286567512018,0.040344365604364094,True,0.015146598256325182,0.040480559928030506,75.92785424869962,73.83944798897274,78.91932627769837,78.12052551582941,1.3170397201994881
599,4475818.95509203,27.217283631039834,52,1534.7881600903347,4.720540717100786,0.01528483484429427,0.20046807597856686,0.04019699752891333,True,0.015168173472741771,0.040488777498118654,73.12171543418938,73.73441872666199,79.20865607704594,78.10467023608481,1.3675827942665861
600,4483742.49791852,26.802788263511385,51,1500.2081564897671,4.072158917514127,0.014747288467321594,0.18379913967296996,0.04071073075481693,True,0.015173793953245637,0.040500661438221244,75.787040201978,73.70710697693124,78.20911326237577,78.08175230857802,1.3194868099947903
601,4491617.73073997,26.815529708092225,51,1503.5881568398327,4.182856711346368,0.013822755127744574,0.20674998114188464,0.040663467582682924,True,0.015197241736156624,0.040516112581654634,80.85604740980699,73.59338448219194,78.30001576042396,78.05197520812153,1.2367658711811569
602,4499551.52156753,26.898834712898903,51,1505.280157010071,4.372627191740616,0.014441706048209086,0.19729419901287942,0.04069754954645596,True,0.015200663582322851,0.0405246346089068,77.39067255711578,73.57681775540489,78.23444379527335,78.03556146210686,1.292145378905358
603,4507454.6843919,26.66246931679969,51,1505.0501569798216,3.653081573600563,0.014103587147834927,0.1618629677785349,0.04054214467027576,True,0.015192622519291371,0.04053687637110478,79.24603380882725,73.61576006628478,78.53432960915694,78.01199544341169,1.261892805339563
604,4515332.06721357,26.573628489151144,51,1504.8821569699794,3.9061107624737765,0.014138129470209213,0.18860270468050896,0.040597552850315306,True,0.015183771061312168,0.040548039068301345,79.05241964986259,73.6586747548824,78.42714471822735,77.99051908344843,1.2649834168008127
605,4523086.44402242,26.654466460284095,51,1515.6281580897048,4.2777439492490075,0.014753571151011165,0.1875767672402045,0.040457785950628634,True,0.015167098282110835,0.04056220249384913,75.75476693088422,73.73964573546208,78.69808190895552,77.96328651611833,1.3200489416895849
606,4530776.33482453,26.901531846303342,51,1513.996157919988,4.301465449354815,0.014605293705992247,0.19303306255234248,0.040413025058940906,True,0.015169702360278599,0.04057852794711982,76.52385268257346,73.72698735911443,78.7852467850127,77.93192051899523,1.306782087016217
607,4538705.93165165,27.052212479248936,51,1513.0241578202695,4.586119564505559,0.015042267845354233,0.20538037934124664,0.04053680107824536,True,0.015163753168723298,0.04059330578678656,74.30085379634112,73.75591264995201,78.54468206437417,77.90354969764847,1.3458795532707495
608,4546710.5284866,26.93836263333719,51,1507.4221572298557,4.870773886588093,0.016051437300711086,0.20416831201161503,0.040721194735571536,True,0.015144107636035445,0.04060704967695428,69.62948694280203,73.8515917238011,78.18901614436814,77.87718240824339,1.436173154588961
609,4554714.38532146,27.028181791235586,51,1503.090156789869,4.427977587569686,0.015333814048892565,0.18673994908970792,0.040811103128321924,True,0.015151822238906583,0.04060286321912106,72.88815035707225,73.81398992960321,78.01676280560955,77.88521212621087,1.3719651195038454
610,4562394.11212252,26.978334872521703,51,1517.0041582398117,4.356814653911247,0.014850044384365187,0.1699761157363941,0.040457566919767284,True,0.015182436378549486,0.04060383787571145,75.26262649556692,73.66515006365802,78.6985079679101,77.883342565616,1.3286807087571548
611,4570359.92295342,26.979430031835463,51,1504.5841569397599,3.9298316391527983,0.014136495474222525,0.174707754530616,0.040702683096615795,True,0.01520703501393554,0.04060285885739932,79.06155708683778,73.54599059796242,78.2245766216402,77.88522049295233,1.2648372179821759
612,4577890.63973894,26.63424262080926,51,1522.166158770211,4.14332329893784,0.014040192975125822,0.19970153668681256,0.04019160007409948,True,0.015214514066460386,0.04063618827001682,79.60384489893751,73.50983733507994,79.21929325350206,77.82133978068264,1.2562207270517103
613,4585513.65853408,27.030046762736525,52,1530.6141596501693,4.736351255664065,0.01519247228118455,0.19541714675515648,0.04023655419043423,True,0.015218920572711077,0.04065980620056387,73.56625855603832,73.48855320023235,79.13078584036673,77.77613594992769,1.3593188219417318
614,4592918.61930648,27.306059927057934,52,1543.236160970293,4.6493728968552475,0.014896745015014996,0.19925325493414658,0.04003087539236449,True,0.015211368198732802,0.04067128287792503,75.02668152113382,73.5250399271092,79.53736013489403,77.75418897516975,1.3328591627351458
615,4600379.60608472,27.232174302742038,52,1539.1201605396345,4.8154258350500925,0.015554203240984709,0.20319475585153576,0.040020292374853654,True,0.015216921439320187,0.04068052177039326,71.855390252205,73.49820780882953,79.55839309655231,77.73653033758023,1.3916840415738498
616,4607797.14485843,27.158860299936787,52,1537.2741603497416,4.586117129070516,0.01502467515634662,0.2038835417809458,0.04013636330470357,True,0.015216320464169602,0.0406881189855595,74.38785413413459,73.5011106523001,79.32831702827534,77.72201550715859,1.3443054794232538
617,4615271.61163808,27.02565467594157,51,1529.366159520112,4.269836970704681,0.014562397057008125,0.18159565316430176,0.04022864088611102,True,0.015234577195146419,0.04069882027600787,76.7492700252394,73.41302878521005,79.14635151636017,77.70157938993123,1.302943987378243
618,4622746.53841777,26.92897003426516,52,1534.286174500361,4.578212236401047,0.014974735683689538,0.20284040832323194,0.04019964914742079,True,0.015264645016759075,0.04070816707592104,74.63593131466183,73.26842209103962,79.20343137626224,77.68373871648258,1.3398372359481818
619,4630900.69138142,27.23332166470616,51,1506.5641796002164,4.783793104503044,0.015320244286907118,0.20470187217960364,0.04081608005717297,True,0.015269775836258668,0.04071545296662891,72.95271034928791,73.24380306239112,78.00724979316131,77.66983747779243,1.3707509897338714
620,4638914.49833674,27.19126706964791,51,1507.2761796806008,4.649374614379774,0.015176163541099715,0.19713310381777271,0.04073946756200334,True,0.01527909449651022,0.040724547714116204,73.64531496489654,73.19913195204319,78.1539461150727,77.65249197983383,1.3578596270885723
621,4646972.94729738,27.095066793709297,51,1507.9081797599792,4.847056069680026,0.015729108651406677,0.21093597557941593,0.04079758814339991,True,0.01525459047641713,0.040737979495317315,71.05636871820545,73.31671445961182,78.0426073572354,77.62688905855704,1.407333385014843
622,4654513.94419634,27.229734480134688,52,1533.314182780683,4.65728316859515,0.015359083134751613,0.18921200867362337,0.040310386400421186,True,0.015236184020638772,0.040743722453214434,72.76823324266371,73.40528656275046,78.98585046965201,77.61594730044793,1.3742260249961007
623,4662188.09111116,26.908856740930965,51,1518.5801810305566,4.254023,0.014213595291882484,0.19828715874557276,0.04041838685250023,True,0.015235686105056297,0.04075267234247458,78.63269784959827,73.4076855118863,78.7747953478902,77.59890169108708,1.2717355839211582
624,4670285.0760764,27.027011049495936,51,1512.706180330366,4.554488952889475,0.015570231253711878,0.19399576834264304,0.04065289734254767,True,0.015251117770160482,0.04077066064195598,71.78142223652742,73.33340880404334,78.32037470217928,77.56466451511132,1.393118118857331
625,4678514.02705736,27.36134694973198,51,1506.2501795599237,5.123799539710639,0.01569102352868784,0.20646780830224562,0.04099280702973604,True,0.015246073825853523,0.04078358733783785,71.22883614951355,73.35767010790897,77.67094725393983,77.54007975210212,1.4039257879371907
626,4686710.41403445,27.341584065513107,51,1506.5921795899048,5.527059405172157,0.016450503530287416,0.21236743000562439,0.040945503786932305,True,0.015246067178021903,0.04078493740230484,67.94037288191997,73.35770209448185,77.76067841699665,77.5375130175891,1.471878879570684
627,4694841.82300378,27.329111226167978,51,1506.528179589659,5.021007717226766,0.01637352593150401,0.21218884976460736,0.04099013863497301,True,0.015255025868988891,0.040779821149590424,68.25978403299263,73.31462193265475,77.67600351273265,77.54724090506538,1.4649914489433626
628,4702923.32996717,27.19902943245594,51,1503.3001792095602,4.712630030072752,0.015698438479266916,0.20362051468325268,0.04089244289759428,True,0.015268175442355265,0.04077827641186459,71.19519214724215,73.2514803998913,77.861578496815,77.55017850221515,1.4045892271523073
629,4711013.93493165,27.20217073761777,51,1509.768179969862,4.783795614437409,0.01539713117200396,0.19956598021843006,0.04081638390067967,True,0.015292509261639928,0.04077848612721679,72.5884147804921,73.13492083102734,78.00666909506756,77.54977967762548,1.3776303039190976
630,4719009.26588476,27.5522268098171,51,1516.3421807605773,5.06845103004423,0.015166255147735007,0.22352982582483083,0.04075324466344775,True,0.015314765791752047,0.040778739988467295,73.69342880335118,73.02863585156003,78.12752527784122,77.54929690439484,1.356973091615835
631,4727161.35085656,27.228994436949748,51,1508.706179860048,5.0051958586133765,0.01605037925567387,0.2108546331741908,0.040905683301882295,True,0.01532248654092701,0.04078091044899708,69.63407693609315,72.99183792202727,77.83637616074367,77.54516953974823,1.4360784879338617
632,4735019.86779337,27.436387017499435,51,1523.3621816001832,5.005194449377797,0.015250939474365429,0.21958901775840867,0.04060548197098062,True,0.015324625349025404,0.04078400860200638,73.28422919923575,72.98165068870125,78.41183007932338,77.53927882893777,1.364550067698573
633,4742849.75272676,27.47016349697748,51,1523.7301816502586,4.8865883995620365,0.014858187237354539,0.2080303711852088,0.0405236569033134,True,0.015306218303390793,0.04078282167392383,75.22137970729081,73.06941740861133,78.57015866544926,77.54153550328654,1.3294092757163611
634,4750311.42561626,27.090371372471285,52,1537.3041832605377,4.775887670094182,0.01505855038529166,0.20178404039515407,0.040270767462356846,True,0.015298137053820205,0.040778583952685035,74.22051361827819,73.10801636977757,79.06355784189519,77.54959364018194,1.3473364039133784
635,4758109.29054584,27.326120052819732,52,1532.2261826498434,5.250314990470287,0.016362779123302522,0.2065926640492713,0.040500097937876525,True,0.015292160764678852,0.04077310359053544,68.30461595312975,73.13658752143495,78.61586304016973,77.56001717482307,1.464029897828198
636,4765716.6174527,27.42663692975,52,1540.260183610022,5.463807375040016,0.01625502936278954,0.21167486400731894,0.04039494081456825,True,0.015283063789646072,0.0407745021936758,68.7573869599745,73.18012078935968,78.8205178270563,77.55735679449342,1.4543891840053131
637,4807475.21843071,27.298817874668494,50,1495.126178230159,5.26612609032615,0.015831894721680666,0.22992415233094365,0.04190199536609404,True,0.015284306713558982,0.04077058035689698,70.59504649260461,73.17416976234985,75.98564518896224,77.56481725474889,1.4165299816826478
638,4815485.5093856,27.167210171692798,50,1498.9981786999851,4.791700449374815,0.015750382005213576,0.2106097167820793,0.041736152575847306,True,0.015282076524062585,0.040775900665560486,70.96039598106957,73.18484843318065,76.28758177484985,77.55469684630938,1.4092367796500505
639,4823550.50034702,27.13009840856256,50,1499.7341787796468,4.791702676694815,0.015462164813990613,0.2134620018647115,0.041683514228433034,True,0.015254816647849993,0.04077801760196335,72.28310895585481,73.31562744907967,76.38391847551411,77.55067069764837,1.383449070738331
640,4831676.58731573,27.111805769053383,50,1499.1681787101552,4.720540773780169,0.015268173763065516,0.21478839051217538,0.041567074385305755,True,0.015248418069909833,0.040786750785368656,73.20150800528141,73.34639232936522,76.59788906681173,77.53406569192063,1.3660920743304903
641,4839667.43826831,26.8848788283819,51,1503.4001792194322,4.230301815244999,0.014750378943666683,0.1983209076082716,0.041382637832784515,True,0.015239973276631064,0.04080901909034841,75.77116141975124,73.3870351251052,76.93927500375882,77.49175758798592,1.3197633247441276
642,4847848.42124355,27.27378875843606,51,1507.57617971953,5.07635358608017,0.01594093586899248,0.20133292346138718,0.041412197696217956,True,0.015246161086103112,0.04082792463296116,70.11215358547877,73.3572502508337,76.88435605262121,77.45587470296576,1.4262862399902991
643,4856037.85021981,27.276018426734485,51,1504.3001793297008,5.218684861443972,0.016531295238611892,0.2072489643629975,0.04135896499958021,True,0.015262733957743245,0.04084704994875183,67.60833484678092,73.27759608824094,76.98331311312744,77.41960848385335,1.4791075707112498
644,4864201.11719294,27.202463791011755,50,1499.5061787599698,4.878680601274343,0.015533988953842032,0.21373371412066433,0.0413140424008182,True,0.01525526616338158,0.04086517769577879,71.94889524281773,73.31346711225608,77.06702049893103,77.38526523229649,1.38987540500196
645,4872357.45216525,27.244782701069152,51,1505.750179500319,5.147524245890395,0.015975566705401498,0.21612140470207314,0.04132994368881114,True,0.015245810376721543,0.04086905320981262,69.96016883489825,73.35893773580389,77.03736972328666,77.3779269736909,1.4293847710837975
646,4880414.67712575,27.046281594391953,50,1499.6001787697896,4.63356061443741,0.014604864387667662,0.20621437387452768,0.04126955128961172,True,0.015253465451040444,0.04087696160251855,76.52610214490001,73.32212196288161,77.15010348074752,77.36295680444914,1.3067436745400636
647,4888458.1280846,27.12645611771346,51,1511.8901802301407,4.52286338733073,0.015255377562312458,0.1967336510088721,0.041074578669182134,True,0.015241115425843041,0.04088461090389171,73.26290938247028,73.38153559688855,77.51631923583064,77.34848259132511,1.3649471575446608
648,4896515.32304509,27.266201155990416,51,1515.910180710256,5.092172552164481,0.01585721469351504,0.21218462872340407,0.041132736795228386,True,0.015227355655689964,0.04089834242533789,70.48232401117347,73.44784475037022,77.406717876524,77.32251302178886,1.4187954401049825
649,4904705.80602147,27.34295346906302,51,1508.3801798103377,5.115894676669722,0.015506953406685219,0.2255842638723462,0.041261768877915356,True,0.015233485568449669,0.040909856873677986,72.0743343087131,73.41828953933957,77.16465481686403,77.30074990283039,1.3874564485983163
650,4912484.36894874,27.18232675154808,51,1523.5661816298962,4.989385445708681,0.015027593684639387,0.2278257695797546,0.04085625901888883,True,0.01520494031330074,0.04091212442896032,74.37340717333136,73.55612262281869,77.93053571364781,77.29646550728219,1.3445666094333868
651,4920236.65987289,27.163642453870054,51,1527.6001820992678,4.459607468381382,0.014746949427908988,0.19032618360483683,0.040779584042633446,True,0.015194959324013138,0.040911805986082614,75.788782582239,73.60443883454923,78.07706300458747,77.29706715534734,1.319456475060067
652,4927648.45875644,26.87333208014093,52,1539.2841834994033,4.048440375043203,0.014279648367060945,0.1787867123490855,0.04040253869424751,True,0.015187997657368805,0.04091196487856822,78.26896819960734,73.63817663055559,78.80569527307676,77.29676695164979,1.2776455626708587
653,4935319.53767091,26.979442549633212,52,1537.502183279954,4.67309540409622,0.015112334289894181,0.19006286851224394,0.04061876792243893,True,0.015155201343309227,0.04090854797877144,73.9563671967247,73.79753187189102,78.38618243362964,77.30322318929052,1.3521486209436684
654,4942836.548567,27.232996148517042,52,1543.6321840202436,4.831236846260449,0.015344611931352755,0.20037430852131835,0.04055284015323753,True,0.015149979541732778,0.04090560109858904,72.83685954021631,73.82296795034944,78.51361681614233,77.30879219036457,1.3729312403954022
655,4950392.37946772,27.133419026271127,52,1542.5101838801056,4.76798098387961,0.015273212505927367,0.2033416708337942,0.04061049977409065,True,0.015139662085508456,0.04090435621221445,73.17735830031297,73.87327721325606,78.40214157199095,77.31114501218957,1.3665429066824781
656,4957944.09636796,27.184684823270512,52,1542.2321838401258,4.696820722885143,0.01514732935893421,0.20199153480109447,0.040568479437648526,True,0.015122743233702033,0.04090476590687484,73.78550485428329,73.95592432365865,78.48334955445185,77.31037067788897,1.3552797410892798
657,4965526.50527185,27.31266038303997,52,1541.0121836997569,4.847054151688706,0.014714372919010212,0.21041858395191929,0.040571030862414426,True,0.015106183246824698,0.040902551929705905,75.95657321550668,74.03699769052373,78.47841390560322,77.31455534088741,1.3165417511836839
658,4972970.32615922,26.896691480346348,52,1540.406183630228,4.072158038560506,0.014103508517989185,0.17628530682530402,0.04047626774603565,True,0.015107348184102625,0.040905754847465225,79.24647562111856,74.03128865029348,78.66214772011449,77.3085016165819,1.2618857700771446
659,4980604.77506931,27.028081589246554,52,1545.714184269309,4.6968143071848125,0.015639293572611013,0.18865772947093404,0.0405050709523928,True,0.015109519113721775,0.040911338301819505,71.46443915474588,74.0206518645649,78.60621096898666,77.29795078867231,1.399297344215063
660,4988149.92196876,27.277314709961637,52,1546.7721843896434,4.760076151634141,0.015029023302683703,0.20902497520962812,0.04053160465869274,True,0.015092620798917164,0.040922817215598165,74.36633249104689,74.10352841025664,78.55475201164299,77.27626859343889,1.3446945219073976
661,4995639.82286163,27.15757343102657,52,1543.1741839600727,4.483325278914304,0.014386098657693346,0.20371927376826288,0.040528895679925764,True,0.015086492413413905,0.04096092919149195,77.68981504553865,74.13363050269835,78.56000266433595,77.20436711698491,1.2871700087899407
662,5003124.13775383,26.922788595835698,52,1542.5981838796288,4.261927230840172,0.014199884593780838,0.18875027382925613,0.04050266942089571,True,0.015066730958284973,0.04099746922931589,78.70862164841604,74.2308638319972,78.61087178009387,77.13555675996389,1.2705088441485533
663,5010617.17264707,26.931986539957208,52,1544.016184059903,4.14332446166641,0.013926453310809632,0.1788890618896812,0.04046293581593814,True,0.015043679773997332,0.04099926574257874,80.25398276211159,74.34460656966034,78.68806571725376,77.13217682014675,1.2460440774817907
664,5018026.90353037,26.691525181302225,52,1546.69618437998,3.7716889593887046,0.013802218594342407,0.17554662958050565,0.040344517946980366,True,0.015036390487148237,0.0410023557544054,80.9763543667682,74.3806470784136,78.91902827496463,77.1263639995367,1.2349284022113716
665,5025635.69443741,27.0444429206795,52,1549.484184710309,4.4833257501225745,0.014570417540066816,0.19432955554908432,0.04047626774603551,True,0.015048559631258607,0.041005756007766916,76.70702235331704,74.32049854357045,78.66214772011476,77.11996857596735,1.3036616055104968
666,5033899.40142252,27.17704151109968,51,1513.94418046996,4.752170366559298,0.015123518783767538,0.20597333190765002,0.041155975928820934,True,0.015050381535455811,0.04101077280700617,73.90167327610781,74.31150177309551,77.36300939878545,77.11053458159948,1.3531493331881643
667,5042088.96639879,27.154766070318754,51,1512.5641803108156,4.704725522079421,0.015340253439421052,0.19786429390935195,0.04110054597795342,True,0.01506304926881307,0.04101578847331213,72.85755403955365,74.24900723609709,77.46734445584863,77.10110502472561,1.3725412722579988
668,5050286.39737599,27.169490024488738,51,1512.2101802704856,4.744264089433482,0.01540761351065483,0.1939293771249354,0.04120403199143585,True,0.015050958914959604,0.04102036534125672,72.53903034173183,74.3086510618377,77.27278129624152,77.09250243005967,1.3785681921022963
669,5058436.14834752,27.020592894694047,51,1508.678179839626,4.388442340211725,0.014593878171244608,0.1992819901181822,0.04112416424579533,True,0.015020903863772707,0.041025167518982476,76.58371070585353,74.45733387956608,77.42285371606303,77.08347841089335,1.3057607028097626
670,5066495.7993083,26.74018699752608,51,1516.6001807898283,4.285651057358962,0.014837999167245236,0.19975009467323726,0.04101373127289868,True,0.015006020889489612,0.04103111022728335,75.32372332317411,74.53118067702678,77.63132135947536,77.072314086446,1.327602984865843
671,5074754.63029283,27.066168566001167,51,1514.746180569753,4.886587642694103,0.015566572331363786,0.1997147487247564,0.041142795590005825,True,0.01499571741256739,0.04103698640364696,71.79829445761811,74.58239065111233,77.3877930981187,77.06127793223455,1.39279074343589
672,5082911.81926524,27.060034570662918,51,1511.2961801597849,4.54658500634369,0.015099257366339104,0.19845276498614695,0.04118770251343077,True,0.015019030813036469,0.04104455317559508,74.02041814550837,74.46661958952816,77.30341724108834,77.04707129405654,1.350978586995769
673,5091006.56423021,26.869890998110225,51,1514.38018053025,4.317281076279922,0.014657334856944544,0.19175751141749103,0.04101069399417619,True,0.015023336473925506,0.04105446972136315,76.25215326328794,74.44527759189255,77.63707078572494,77.0284608768725,1.3114383743337577
674,5099116.17119694,26.940572543327804,51,1518.6101810391992,4.3409970054566,0.014526220842627486,0.19271997413147088,0.041005623717845656,True,0.015000435539965835,0.04106174941744606,76.94040700959825,74.55893205087135,77.64667047880816,77.01480476643219,1.2997071864018077
675,5106898.07012461,26.967829576249112,52,1532.3221826795489,4.2698330289301545,0.014114423241116511,0.18857586355498285,0.040768542661946586,True,0.015000711575523198,0.041066251002312364,79.18519409898728,74.5575600548656,78.09820868503758,77.00636258651178,1.262862345074858
676,5115067.40309848,27.09924934661734,51,1525.5661818599328,4.451699959383056,0.015181993075020123,0.19586687296801258,0.040976566442972956,True,0.01502427910466053,0.041080910160051665,73.61703686863173,74.44060685819234,77.70173123286602,76.97888392521418,1.3583812140320597
677,5122944.48403749,27.337300025244524,52,1535.658183070831,5.297754256137182,0.0160954585314265,0.21940367342342185,0.040953607303698465,True,0.015047055569840035,0.04109366148675612,69.43904964004857,74.32792741189289,77.74529186126232,76.95499744582146,1.4401118741317054
678,5130640.43895492,27.41251454863659,52,1542.1381838405505,4.886587846284769,0.014700913914465537,0.20640122585980844,0.04081587674533688,True,0.015078271721462201,0.04111127561623903,76.02611310058141,74.17404824757537,78.00763836247424,76.92202607071695,1.3153375312342532
679,5138205.25385672,27.198039284933426,52,1548.8721846397966,4.736353106425966,0.015432126598867883,0.19299605150602472,0.04074215200829202,True,0.015085041664455937,0.04112356356383847,72.42380606345338,74.140760034694,78.14879665535464,76.89904134508313,1.3807614560803514
680,5145839.65476681,27.23486629464286,52,1546.824184389785,4.704722519274174,0.014870940904563677,0.20714879645676817,0.040752894695575546,True,0.015079414960445823,0.041136636642755665,75.15686809030869,74.16842477585898,78.12819620254452,76.8746030993196,1.3305503868907178
681,5153384.21166619,27.164251350450904,52,1548.782184629701,4.29355894239831,0.014303393705607393,0.18319659798069587,0.04077413909112752,True,0.015099321713371097,0.041157577956610986,78.13903238256749,74.07064207178145,78.0874893638255,76.83548866958559,1.2797701336440466
682,5161049.52457996,27.192373997658954,52,1551.788184990175,4.633563815226495,0.015205819924929701,0.19413906360207941,0.040792770466266635,True,0.015110884008291053,0.04117875280635827,73.50168221515587,74.01396592973215,78.05182428662236,76.79597848977299,1.3605130780861927
683,5168698.07749174,27.37488593962234,52,1550.5001848302782,4.862867855790157,0.015310351275539775,0.20150474667890023,0.040768830776706164,True,0.015122893315800351,0.04119938122219535,72.9998498289625,73.95519037281514,78.09765676225268,76.75752695647546,1.369865830537368
684,5176278.63639541,27.308984694223575,52,1550.69418484997,4.941938067729431,0.014968904647931184,0.21654575120092243,0.0408084130753816,True,0.015168348256010124,0.04122214697879959,74.66500523787731,73.73356909277452,78.02190559863588,76.71513607428454,1.3393155146304763
685,5183854.47329852,27.267707877741845,52,1552.2141850301996,4.847051932886853,0.014196736330256551,0.21089799439093523,0.040856192065068346,True,0.015165042989435537,0.04124566162850759,78.72607604616059,73.74963954516409,77.93066342371658,76.671399848925,1.2702271589964733
686,5225613.7262766,26.840499259548025,51,1502.5581791205332,4.8154257172176465,0.016050231462636247,0.21415362885962674,0.04244380870845955,True,0.015185307336923626,0.041269840470514234,69.63471813754725,73.65122281314112,75.01565598100915,76.62648022621165,1.4360652644206588
687,5233768.85924876,27.032582815637817,51,1505.0741794202477,4.839144706744193,0.015247195151213961,0.20613339885298507,0.042258482743589024,True,0.015218723425264974,0.04129423440375254,73.3022259411484,73.48950519076244,75.34463960565631,76.58121431270305,1.3642150511955955
688,5241832.66221004,26.89700380289387,51,1504.3301793299615,4.2223917529190125,0.014656284323011056,0.19537335870228578,0.041993617542499674,True,0.015262745911534713,0.041320175946000536,76.25761886921774,73.27753869718508,75.81985880057232,76.5331352626745,1.3113443797210014
689,5250016.14718559,27.038337630355997,51,1513.5741804298013,4.807517481599465,0.015378628375909698,0.20707297602108354,0.04189374317900684,True,0.015315795991703168,0.041348227216236155,72.67574952873228,73.02372366174465,76.00061276436752,76.48121401226624,1.3759747998955274
690,5258217.11616322,27.183900449225646,51,1509.9681799998507,4.981473905731271,0.016082791163619506,0.19958276873599365,0.04185692714987019,True,0.015360874086051975,0.041377613218450654,69.49374225981897,72.80942789403737,76.0674604993653,76.42689775404065,1.4389784844393751
691,5266432.38114255,27.110292918601232,51,1508.8861798699945,4.8233291224531705,0.015361090877122972,0.20104622970724503,0.04182293114650789,True,0.015408666023293495,0.041400358291935044,72.7587222081715,72.58360019401178,76.12929235983053,76.38490933951192,1.3744056640926536
692,5274628.78811964,27.133385433626156,51,1514.016180479899,4.8944944918850695,0.015396433344886901,0.2103460801652175,0.04163843681438844,True,0.01542022249544175,0.04141209009039032,72.59170477390055,72.52920342027457,76.46661104956097,76.36326994967577,1.3775678671071607
693,5282917.37710771,27.232757488876494,51,1509.7981799803674,4.752167337219511,0.01532432782246567,0.19995272105736514,0.04164561796139235,True,0.015435347224194257,0.04142133499373691,72.93327034576834,72.4581337830041,76.45342555726387,76.3462262921012,1.3711163566499385
694,5291095.49408261,27.087016515087324,51,1514.2501805201173,4.633561010234061,0.014998487628080119,0.20088911548249663,0.04160387606359329,True,0.015445664694996388,0.041429390198066136,74.51773616498514,72.40973284368259,76.53013261867136,76.33138213316938,1.3419623979672572
695,5299386.79707102,27.173520293668627,51,1512.7301803296432,4.7047279160168785,0.01477495726540428,0.20127645076505765,0.041617120524162624,True,0.015470027815188523,0.041439432731087786,75.64511516795146,72.29569768838577,76.50577724974946,76.31288380017736,1.3219624253731301
696,5307703.31806242,27.24431123968282,51,1513.4401804096997,4.886588411828441,0.015450089382368122,0.21113875315451372,0.04162962868335587,True,0.015485149708424848,0.04145064790276614,72.33960375779775,72.22509793039347,76.48279010162182,76.29223606277415,1.3823686434593652
697,5316018.56105367,27.165356980117487,51,1513.8121804604307,4.767978815273224,0.015793847811590565,0.19673359303460647,0.041655456658965535,True,0.015497207495239761,0.04146089346938588,70.76510786199044,72.16890233297384,76.43536784783458,76.27338318427245,1.4131258036104424
698,5324263.1620365,27.185727641955424,51,1515.7581807002425,4.862868293021506,0.01547496626765347,0.20044064060854982,0.04158032250335372,True,0.015509691050909406,0.04146926880495075,72.22331374506719,72.11081448925512,76.57348382376676,76.25797864020295,1.3845944575187095
699,5332407.23900735,26.987765236827332,51,1516.6581808002666,4.35681471723553,0.014689267061571809,0.18717061010734617,0.041504001295456845,True,0.015531163266465977,0.04148366866601231,76.0863928239776,72.0111195130252,76.7142938805297,76.23150787875474,1.31429545025745
700,5340691.62599492,27.19025850831932,51,1521.416181370616,4.68100389148746,0.015521031220110705,0.19106157285437303,0.041491349706096727,True,0.015565068538410989,0.04150015850782225,72.00896178179946,71.8542582320017,76.73768568993341,76.20121774129377,1.3887160353467316
701,5349005.32298599,27.271175543659417,51,1518.7721810499206,5.013100823633991,0.016229537670643363,0.20719548803045423,0.04160387606359329,True,0.015593758916298796,0.04152176995013335,68.86538400688544,71.7220562509021,76.53013261867136,76.16155618006387,1.4521083612204424
702,5356974.10393594,27.280312932759294,52,1530.4001824399456,5.155429198757499,0.015908549152063696,0.21468224908365863,0.041429901704560554,True,0.015609784574584734,0.04154169657714576,70.25488831570057,71.64842338559573,76.85150149045795,76.12502317713592,1.4233884974051956
703,5364806.2388696,27.341616469418387,52,1542.2321838503703,5.100078680299248,0.01587167209979145,0.21313024089864613,0.04130085929787595,True,0.015609340181488733,0.041561584867239154,70.41812210559426,71.65046319409,77.09162004678454,76.08859539053563,1.4200889902332472
704,5372528.12779012,27.3674158680751,52,1548.228184569627,4.934030807713079,0.015457601382574728,0.20265752018975478,0.0412454532500104,True,0.015621265921028653,0.04158356023543138,72.30444855454692,71.59576309703722,77.19517914612221,76.04838539193355,1.3830407660133697
705,5380109.39869388,27.223740488650417,52,1554.3021852802485,4.783792660580271,0.015057650026836815,0.20998410121909822,0.041219567178014664,True,0.01563719690749558,0.04160918540771142,74.22495156622094,71.52282220234008,77.24365806285782,76.0015507096827,1.3472558459784014
706,5388546.10169961,27.288593322635567,51,1517.952180949971,5.123798954773445,0.016288456905116423,0.2210810426051132,0.041678506780711916,True,0.015657938799017272,0.0416325584123368,68.61628148409798,71.42807674200277,76.3930955912038,75.95888255129859,1.457380052549629
707,5396883.4466935,27.33613095072681,51,1515.282180630602,5.147523586106125,0.01573700639985194,0.2188134854426585,0.041648396774759615,True,0.01569528165535831,0.041656019275705176,71.02070848453003,71.25813213909196,76.44832452535476,75.91610215614473,1.4080400216908173
708,5405156.59967973,27.32607733563215,51,1519.4241811297834,5.005193858612646,0.015326847601984467,0.22077719783508806,0.0416230800701062,True,0.015713774479782377,0.041680038911982305,72.92127989831113,71.17427169371452,76.49482323832835,75.87235274494053,1.3713418093388523
709,5413466.72867037,27.253732152691416,51,1520.250181229785,5.337292868883683,0.016421710468687636,0.2178394124051038,0.041637321332851515,True,0.015726782757794343,0.041705670597220294,68.0594963645335,71.11540048478705,76.468659622574,75.82572272470645,1.4693026727592107
710,5421879.56367326,27.512518295940705,51,1519.5061811404303,5.0289177942264764,0.015470724977307171,0.21475882810596306,0.0417043180875011,True,0.01572740094554852,0.041740697932591816,72.24311372495269,71.11260519331675,76.34581498053078,75.76209242738953,1.3842149757799682
711,5430367.91468515,27.551837561416335,51,1516.5501807807013,5.2898492458903945,0.01606250502457609,0.20786400277543607,0.04176472560103132,True,0.015736235379913983,0.0417679620285888,69.58150937434894,71.07268207142832,76.23539019537911,75.71263861493254,1.4371634190493665
712,5438890.21770108,27.548633275191264,51,1516.3921807697043,5.408457584314391,0.01609031916310217,0.23377975252532737,0.04177298627507923,True,0.01571698007604648,0.041762505451564076,69.46122899202874,71.1597551658359,76.22031452649654,75.7225310253586,1.4396520384995017
713,5447333.86470765,27.555271927538435,51,1517.742180920206,5.511248861433817,0.016445031393537465,0.22843310890285473,0.04182568807554332,True,0.01572093787577801,0.04175964804901126,67.962980258115,71.14184045475973,76.12427431789959,75.727712337069,1.4713892700889109
714,5455873.56372566,27.562411426146863,51,1518.0421809600666,5.606134759560888,0.01663200739940087,0.23106380537531354,0.041893550597955395,True,0.01572918161105831,0.04175960537598751,67.19894460745182,71.10455469415473,76.00096213265232,75.72778972119266,1.488118608100367
715,5464392.76274122,27.572839177465855,51,1514.5261805495247,5.274037811486384,0.01610120140613156,0.2187890726235628,0.04184320405991935,True,0.01572886372399545,0.04176089625428568,69.41428255890582,71.10599174761545,76.0924079341093,75.72544888636659,1.4406257073995343
716,5472438.57370035,27.497642271698414,52,1541.0881837205961,5.708925586129965,0.017007806339384313,0.22351833464812193,0.04163626649373924,True,0.015703977258016946,0.04176339799432751,65.71413865143572,71.21867510262932,76.47059692723231,75.72091272798959,1.521742534669441
717,5480790.37069596,27.553128272634595,51,1523.9521816698834,5.005195293085844,0.01571289886332838,0.20525249710190566,0.04175429765004042,True,0.01568667633768326,0.04176666135887642,71.12967210344033,71.29722256531021,76.25442964658464,75.71499640779142,1.405883043712473
718,5488736.57564322,27.479578845339375,52,1544.682184140198,5.4321778557719185,0.01611161460579906,0.21270762244288652,0.04157203604862945,True,0.015678548816476248,0.04177380014342702,69.36941897435844,71.33418196092668,76.588747033537,75.7020573635879,1.441557409497961
719,5496622.38858328,27.539332203316544,52,1550.596184849739,5.297753736776055,0.015933804521563625,0.21583353386732876,0.04161484741222609,True,0.01566894436317529,0.041780580991601465,70.14353304200004,71.3779070392425,76.50995619563761,75.68977117356151,1.425648175651169
720,5504483.19952036,27.513203077851028,52,1551.5321849603206,5.384735475799648,0.015836397301043453,0.22046111135995458,0.04163633342989985,True,0.015669553339330112,0.041789732508256246,70.57497502095545,71.37513303270723,76.47047399017863,75.67319590112217,1.4169328417808493
721,5512296.39845177,27.497789304316594,52,1552.104185020551,5.01310144575541,0.015609215722297731,0.21440961760142782,0.04158570502849431,True,0.015669067986464766,0.04179778073030953,71.60214605443005,71.37734389332522,76.56357275693499,75.6586249197578,1.396606183270506
722,5520163.11538955,27.449216440898063,52,1552.692185100168,5.582409077114935,0.01618151945892438,0.23529285420394633,0.04166531948761271,True,0.015658467235185394,0.04180735021348693,69.06974013040929,71.42566621365393,76.41727440837612,75.64130705735566,1.447812019072994
723,5527956.40231858,27.52570440538796,52,1556.1421855101362,5.0526387596401285,0.015735918705490935,0.20759956633572374,0.04161484462723912,True,0.015632401565198385,0.04181750156891897,71.02561756073835,71.5447622998415,76.50996131590739,75.62294484621262,1.4079427022164046
724,5535779.33325114,27.49362125983224,52,1555.0581853799522,5.416362680306122,0.015752417850329773,0.22002402887096403,0.04174508690831591,True,0.015620889681453823,0.04182986061597554,70.95122504763104,71.59748752887283,76.27125461711033,75.60060129736623,1.4094189331885782
725,5544332.29427073,27.44890741989094,51,1521.0361813204363,5.266127030044231,0.016255389711822985,0.216845834511953,0.04184660565015286,True,0.015613936938860075,0.04184568997998806,68.75586274810554,71.629369231937,76.08622260109001,75.57200314453199,1.4544214255795984
726,5552817.9352823,27.56654470438522,51,1519.540181139484,5.38473058614785,0.015577632513394698,0.22165794483614457,0.04187072621981187,True,0.01558546837234094,0.041862988106983655,71.74731737842926,71.76020812711721,76.04239142838225,75.54077617849782,1.3937803331044087
727,5561316.95829546,27.55080147425637,51,1522.108181450516,5.18705491413337,0.01599930164760295,0.206090133060379,0.041992824420606305,True,0.015545761023473617,0.04188062509068457,69.85638301972493,71.9434997404768,75.8212908164178,75.50896405928209,1.4315084118629282
728,5569808.41930772,27.443481463779936,51,1520.8481812998652,5.210777009225438,0.016072794483530512,0.21009040806203227,0.041967910098461514,True,0.015507616177109452,0.04190060015650346,69.53696478159452,72.12046270584548,75.86630225635851,75.47296704440959,1.4380840496725777
729,5578295.77831949,27.481740594639255,51,1520.4621812496334,5.021010952865634,0.015309126631001356,0.20822994740834794,0.04193662052314048,True,0.01547408042596025,0.0419241624981295,73.00568940881269,72.27676368293044,75.9229073034311,75.43054950456938,1.3697562576949467
730,5586820.67933573,27.580403767057614,51,1522.384181490168,5.471714000000002,0.01624460690868125,0.22254439085994895,0.04204903579457393,True,0.015443395350118327,0.04195006445536849,68.80150133677812,72.42037316290158,75.7199325128978,75.3839751096752,1.4534566538826308
731,5595284.61434471,27.4767644545818,51,1521.8321814201772,5.440083737773087,0.015928777372169946,0.22617877768929678,0.04194491793146959,True,0.01543890146096281,0.04197518202265934,70.1656704610476,72.4414529742093,75.9078884788751,75.33886602434838,1.4251983806036568
732,5603764.31935557,27.461919383148032,51,1521.334181359969,5.210776113931772,0.016207879379000388,0.2115782851946931,0.0419706431229153,True,0.01540720147294126,0.041994291472498994,68.95740755518867,72.59049971677179,75.86136203043256,75.30458316754125,1.450170524972562
733,5612224.08036405,27.398964131625288,51,1521.9601814299822,5.187055916046365,0.016148953970557094,0.2113661061424174,0.042017771916400076,True,0.015404380657393607,0.042012810935067216,69.20902406315498,72.60379232585275,75.77627292880861,75.27138852100016,1.4448982812386193
734,5620723.45337725,27.453561775690936,51,1523.1601815801114,5.107982690588166,0.01597377345414996,0.21091927866129973,0.04207604672384363,True,0.015414258904626485,0.04203079205454863,69.96802271868351,72.55726409409819,75.67132372237059,75.23918680020529,1.429224323190027
735,5662327.34571947,26.95373043061392,52,1543.100073300302,4.578211399061729,0.015000432223394247,0.1957272178801912,0.04259480717932916,True,0.0154047877052793,0.042046834404953694,74.5080759873044,72.60187388200757,74.74972569291735,75.21048039659792,1.3421363870957304
736,5669869.3900777,27.069770334503573,52,1548.0280735297129,4.6810063487687295,0.014647292482895176,0.1997819350692468,0.04224666096091454,True,0.015421887983272887,0.042062133612972445,76.30443273036582,72.52137062406766,75.36572311698824,75.18312418125788,1.3105398511829738
737,5677509.16044057,26.959815551656973,52,1546.386073450558,4.443793447919099,0.01506821096539352,0.19946407130650007,0.04216552328019839,True,0.015422190701552775,0.04207689160715015,74.17292912276925,72.51994712042962,75.51074681178677,75.15675455017183,1.3482007667451998
738,5685173.66280461,26.976470494133608,52,1549.536073599942,4.68891175097346,0.015449042937522174,0.19725354155713734,0.04211275521339517,True,0.015422089249340522,0.04209479387648769,72.3445036992256,72.52042418348825,75.60536318423581,75.12479153673029,1.3822750147102787
739,5692812.18316742,27.056079953348416,52,1551.9400737192482,4.696820578560775,0.015076714822306271,0.19849266104579677,0.04199144121828896,True,0.015415588134015506,0.042110444039156474,74.13109268933572,72.55100774844453,75.82378837739971,75.09687173595795,1.3489616338737789
740,5700448.46153013,26.923116440312008,52,1552.552073739469,4.43588896167909,0.015362416135703817,0.19604878568287493,0.04195957797221345,True,0.015406060928553159,0.0421270522859181,72.75244558344752,72.59587375024248,75.88136741284774,75.06726540679084,1.3745242391935022
741,5708097.23189343,26.91965943307062,52,1553.8060737997293,4.3884428084656975,0.014813581398715792,0.18240844298421882,0.04198451589200377,True,0.01540878451052302,0.042144852308076165,75.44788217385154,72.5830420559127,75.83629547587486,75.03556049113901,1.3254182494430906
742,5715758.67025732,26.98967507410347,52,1554.2660738304257,4.578211712655573,0.014478743940105062,0.2032683590861364,0.04198936273850179,True,0.015381774680117692,0.04216763206732114,77.19270045568317,72.71049520725596,75.82754166635793,74.99502484996118,1.2954592769100688
743,5723435.25863362,26.894599732458104,52,1556.0980782601982,4.633563656424329,0.014981929763329146,0.20368929091984253,0.04200251482646925,True,0.015394992172128712,0.04218997977030096,74.60009235116807,72.6480690378384,75.8037980761831,74.95530057065515,1.3404809131377582
744,5731086.65301842,26.976235085404195,52,1559.030078410171,4.380532959441943,0.014834500704116802,0.17603121286115483,0.04199144121828896,True,0.015389033224055888,0.04221494141635169,75.34148713430591,72.67619985441956,75.82378837739971,74.91097958809077,1.3272899662412023
745,5738721.13540237,26.935195244015212,53,1560.3960784794763,4.538678817462742,0.015029545411976136,0.20665312372385441,0.04207060341298719,True,0.015380555736194405,0.04223699795144352,74.36374908934222,72.71625767889952,75.6811144670836,74.87186040987768,1.3447412366866105
746,5746427.70378995,27.115561557193015,53,1560.2720784600824,4.720540813898406,0.014750204269271514,0.2114288245070601,0.04202757984888006,True,0.015370777325639115,0.04225761616719666,75.77205871456496,72.76251750080472,75.7585890990201,74.83532914494162,1.3197476960703562
747,5754107.07217615,27.036755281858348,53,1560.9020785000175,4.594028158960526,0.014909451067120211,0.19140906233519706,0.04211767232540308,True,0.015363178314731125,0.042282679117389824,74.9627426866055,72.79850765550151,75.59653648469022,74.79097069447917,1.3339960136346918
748,5761786.71256237,27.111748173820107,53,1561.110078509897,4.7284495740840065,0.014464498642253118,0.2121777241107357,0.04217317578599975,True,0.015332743673018304,0.04230448346264292,77.26872334712131,72.94300863621132,75.49704505901921,74.75242234183762,1.294184704797254
749,5769408.7669457,26.968692892449788,53,1563.832078639418,4.427978503751746,0.014887860196680855,0.18716274699060592,0.042210633903238474,True,0.015304176854792042,0.04232879107699037,75.07145615138441,73.07916425492627,75.43004826452709,74.70949522278718,1.3320642097763644
750,5777068.49333091,26.97232238166409,53,1563.244078620337,4.26983852436382,0.014334677189290629,0.18188273206485847,0.04231129886009569,True,0.015286019526308729,0.042353220016871876,77.96850457002698,73.16597052835664,75.25058881140575,74.66640348698414,1.2825691664413086
751,5784699.44971469,26.929686202025156,53,1567.3421585494652,4.238207085058683,0.01406913432763488,0.1914000571258879,0.04237355418287231,True,0.015259198001894349,0.04237493964003753,79.44009332171564,73.29457642655551,75.14003047411437,74.62813260894518,1.2588102019225471
752,5792358.44250865,26.904941249675225,53,1568.0281635597348,4.325187242853946,0.014204462878409733,0.18596852735136474,0.04250336223233966,True,0.015247045347477005,0.04239738671361915,78.68325282766308,73.35299585390541,74.91054790425451,74.58862113633373,1.2709184778377305
753,5800015.97930739,26.9508647014634,53,1568.1201635701582,4.325185968968555,0.013963161987491443,0.19150904710346633,0.04244863006132441,True,0.015234061584803407,0.042419467530390643,80.04299777831773,73.41551351436402,75.0071356365987,74.54979514976591,1.2493285195540635
754,5807620.3821006,26.925545285714275,53,1569.694163730368,4.317279056464212,0.014161348791182091,0.19898122719470193,0.042502538720803285,True,0.015215243560593797,0.042440247386982634,78.92280321765693,73.50631290940312,74.91199933991581,74.51329361766952,1.267060923308442
755,5815317.58290348,26.87476925203803,53,1566.9741634400561,4.119601597889247,0.013892662514636578,0.18391504395617736,0.042566453069198824,True,0.015208455775270607,0.04246064426873934,80.44918263619859,73.53911999246934,74.79951753136497,74.47749955789023,1.243020707460355
756,5822959.93370064,26.750875734526684,53,1569.3561636898667,4.246113010278993,0.014828461679905484,0.1679438207879213,0.04250056310984823,True,0.015192327668907966,0.04248720305751697,75.3721706316735,73.61718878975317,74.91548157534356,74.4309436060483,1.3267496355350028
757,5830688.6085068,26.963822622056064,53,1571.850163959898,4.775888317480035,0.014671757516017394,0.20629034512274003,0.04265308872253469,True,0.015180354951768798,0.04251170354948732,76.17719572606812,73.67525052683118,74.64758703196567,74.38804730729042,1.3127288155191896
758,5838541.3373259,27.172488662231938,53,1568.5801636204123,4.973567092749228,0.015593144806921791,0.2104785364990412,0.04259288936573869,True,0.015155344035192387,0.042539574960155854,71.67594207468285,73.79683704709717,74.75309141996598,74.33930916598848,1.3951682673505668
759,5846474.42615339,27.477819302865043,53,1564.8821632303298,5.076358399566175,0.01583063821086116,0.21585507467258644,0.04254011716365846,True,0.015130080069390617,0.0425701315299391,70.60064976889328,73.92006182574248,74.8458247152543,74.28594888246268,1.4164175576626914
760,5854431.96098342,27.60148011460031,53,1562.1021629404277,5.495430884925071,0.015938679301981097,0.22466114669219434,0.04245548120350949,True,0.015109096115276782,0.0425947682595612,70.12207992692025,74.02272416726237,74.99503155635809,74.24298203671802,1.4260843377616972
761,5862459.49982076,27.634222234294672,52,1557.8121624896303,5.614039074625275,0.016342839154980134,0.23352618089379068,0.04248457769645764,True,0.015108588153743368,0.04260871770259287,68.38795470874392,74.02521286416062,74.94366956748729,74.2186760189765,1.462245805433762
762,5870570.26866678,27.63875956009776,52,1553.7861620699987,5.614043793811383,0.01607794365685047,0.2283556317579419,0.042517383304094,True,0.01512693526347854,0.04263001102294947,69.51469465231392,73.93542939646329,74.88584445155587,74.18160443473354,1.4385447625889296
763,5878530.90349714,27.699523479905704,53,1562.134162940085,5.408454656883748,0.01608514510027723,0.21294880935913046,0.042686002011294036,True,0.015131189416360474,0.04265070241231556,69.48357238778064,73.91464235775874,74.59002957820081,74.14561627101418,1.4391890986399662
764,5886620.11034091,27.609251791206276,52,1553.998162089847,5.4479954531663815,0.016113474511961656,0.22034243956276572,0.04262384637165143,True,0.01512137256772153,0.0426752496963433,69.3614119731527,73.96262800542253,74.69879946628105,74.10296687786553,1.441723821218652
765,5894715.48318532,27.517773660880934,52,1553.7161620697007,5.345197957932193,0.016146119920821104,0.22080920212197683,0.04274057118279815,True,0.015128159471622195,0.04270291576183888,69.22117198583462,73.92944635834544,74.49479650096511,74.05495756752958,1.4446447097936859
766,5902710.63401928,27.51531400420946,53,1561.0341628305614,5.368919571135876,0.016240104086594518,0.21404520209383515,0.042751005189980526,True,0.015123102574407557,0.042730060213283884,68.8205776258319,73.95416705368754,74.47661495790462,74.0079138425753,1.4530537720671457
767,5910701.27285277,27.591631487782678,53,1563.0561630399898,5.416365627572965,0.01563030498871267,0.21450859226567684,0.042798034215233365,True,0.015129614472480488,0.04276098649647256,71.50553650425725,73.92233663270767,74.39477562416357,73.95438865783974,1.3984931070211764
768,5918627.30767952,27.665442884516704,53,1571.6501639299095,5.677299056453357,0.016386990955890336,0.23592749793729037,0.04289403050201112,True,0.015146074234630885,0.04279199623658553,68.20369566026552,73.84200267555633,74.22828107627423,73.90079671135017,1.4661962075071748
769,5926474.91849809,27.435730137813252,53,1566.6701634107158,5.163335663498138,0.01580770825408512,0.21480767374257206,0.04284507999721659,True,0.015149890710342714,0.04283000947082607,70.70305992358111,73.82340081135068,74.31308688895915,73.83520699211688,1.4143659414902148
770,5935047.89139232,27.388744270476213,52,1531.9901597993448,4.902400411119849,0.015501452640627772,0.18875586902477748,0.04273973070190944,True,0.015156082027267745,0.042868788907687534,72.0999102376902,73.79324367244867,74.49626144825746,73.7684150947794,1.386964277561332
771,5943563.61028058,27.5352768338365,52,1533.1701599201187,5.005192845333315,0.01533769836272372,0.19735626927165195,0.04268786243330964,True,0.015157029592205117,0.04290193711375354,72.86969123472782,73.78863037471156,74.58677879623934,73.71141788697871,1.3723126614182417
772,5951738.71513331,27.441607166206705,52,1547.6101614199579,4.957751957932189,0.015221666165990357,0.2102414147304492,0.042863915488346026,True,0.015157193710490012,0.04293337870853771,73.42516461438575,73.787831409963,74.28043183463312,73.6574364720078,1.3619308916804589
773,5960239.21201998,27.238746201223652,52,1531.4521597400308,4.641472828000644,0.014629352731570396,0.2121496539755999,0.04277734109552074,True,0.015152291323154366,0.042962221269840395,76.39800368823924,73.81170479798823,74.43076336810836,73.60798676796436,1.308934724565963
774,5968699.87090249,27.194217674252062,52,1534.190160030499,4.554490705566188,0.014279010975951637,0.20600046893492419,0.04285453295895911,True,0.01516490660883302,0.042992388281551816,78.27246199511944,73.75030278830405,74.29669471947726,73.55633732285,1.2775885332607808
775,5976782.56374558,27.169486397817575,52,1553.7981620803475,4.625657495209964,0.01482639409768084,0.20740499594084402,0.042990962842272676,True,0.015158694618613026,0.04302173250094589,75.38268149218375,73.78052545398663,74.06091750675583,73.50616609136416,1.3265646423764272
776,5985214.27062508,27.0340794982664,52,1539.21816055011,4.507046185978524,0.014887491966689535,0.20798925191863527,0.04295430643160102,True,0.015171190425476492,0.04305050785087967,75.07331298272368,73.71975585249182,74.12411972400429,73.4570339032168,1.3320312630677091
777,5993642.87350425,27.068436740611126,52,1539.7961606094614,4.483327927809931,0.014957847138110122,0.19338890017126606,0.04301552697247499,True,0.015189154013900195,0.043081799689463664,74.72020095027392,73.63257052593458,74.01862482435529,73.40367945506637,1.3383261640530728
778,6002121.1503886,27.10746451888688,52,1542.8001609295607,4.633562232101582,0.015337129751249564,0.1922506102259066,0.04311894607595181,True,0.015200814759874002,0.04310951265627676,72.87239281861127,73.57608600758049,73.84109405153819,73.35649187146002,1.3722617859409074
779,6010534.42326618,27.358039171854823,52,1545.470161200501,4.8470507381233325,0.015113075248840277,0.21171976092839828,0.04302768278465353,True,0.015210469870172322,0.04313814900577928,73.95274128796736,73.52938230731446,73.99771371683454,73.30779571300342,1.3522149168975508
780,6019006.49614988,27.413637148835342,52,1541.7861608201638,4.728446767397834,0.014962949579518787,0.20043417064030578,0.04297686149273231,True,0.015220001897718447,0.04316831292434717,74.69472098421734,73.4833321095344,74.08521799889901,73.25657178900727,1.338782695716668
781,6027180.97500255,27.42206783410769,52,1557.3081624405459,5.044730010284212,0.015422073484186533,0.20562677215019054,0.04340353402223318,True,0.015236490627963624,0.0431985747625661,72.47101663009751,73.40380941167332,73.35693335401223,73.20525346343433,1.3798619719310583
782,6035764.7338979,27.401727921286863,52,1537.1901603396982,5.005193422670089,0.015318168798072334,0.22050116628600339,0.043194443021957296,True,0.015243616372324045,0.04322671389374969,72.96259485557539,73.36949624292299,73.71203168377572,73.15759931522405,1.3705652891457358
783,6043905.61874706,27.34568176947678,52,1557.6581624802202,4.799609284921754,0.014932322633603414,0.2058910354442918,0.043392085067010554,True,0.01526071496487031,0.043253810668055837,74.84792361959299,73.28729071556269,73.37628850239798,73.11176901896098,1.33604240544193
784,6086548.22319503,27.011750185271623,51,1526.5241592293605,4.522863340195141,0.014860491714666902,0.19374371095709886,0.043576156975345455,True,0.01525064279030737,0.04328248784314535,75.20971481986524,73.3356927662488,73.0663365839943,73.06332820361648,1.3296154646319935
785,6094949.55407136,27.0491937516815,51,1527.2101592998952,4.333095422670095,0.014903591794344298,0.19122148195558364,0.04333251993457033,True,0.015245670895758455,0.04332153513899981,74.99221391498402,73.35960888864173,73.47715197281735,72.997473533801,1.3334717658612036
786,6103203.3989323,27.240268955649118,52,1536.5661602802575,4.681002990483769,0.014974526185190112,0.18841967140822394,0.043306228773945014,True,0.015214936414448498,0.04335486443766465,74.6369754956543,73.50779679208591,73.52175986548083,72.94135631076863,1.3398184914510278
787,6111645.16581285,27.14686188776578,52,1532.2161598196253,4.8628667525684435,0.01558299507938901,0.19882258641804026,0.04333262029910113,True,0.015192378359637866,0.04337227017248879,71.72262702061315,73.61694315941509,73.47698178925054,72.9120841997952,1.3942601389421327
788,6120040.15668851,27.334159884090525,52,1536.0541602298617,5.179149873796575,0.015285172762372111,0.22113709057595649,0.04322078413786871,True,0.015174305598470262,0.04338971684327235,73.12009889050276,73.70462173046899,73.66710752958976,72.88276681259556,1.367613028871921
789,6128131.01153245,27.400581128916556,52,1555.590162269771,4.8154233401623685,0.014948383656936124,0.20643954138177836,0.04336466669880996,True,0.01515532977551595,0.043404377568938564,74.76750460739422,73.7969064826709,73.42268245047846,72.85814915166178,1.3374794362892948
790,6136396.30039459,27.25865598700533,52,1547.7741614496335,5.044727696062882,0.01542284692124022,0.2055416146322465,0.04340241055856352,True,0.015134943717293702,0.043420984615689356,72.46738229657488,73.89630744908868,73.35883218517115,72.83028339274712,1.3799311738045392
791,6144710.57326184,27.312797355604307,52,1546.726161330007,4.997285495255468,0.015104514377757231,0.21871618717242286,0.04334394499590902,True,0.015112961625912668,0.04343577621205656,73.99465590161005,74.00379103988148,73.45778407798544,72.8054818063775,1.3514489485297947
792,6152720.61009735,27.334646637960184,53,1563.0541630405933,4.862865149239745,0.015145688200435267,0.20085135147345418,0.04356175633462573,True,0.015087914015675295,0.04345099334588047,73.79350011384416,74.12664553866303,73.09049084567671,72.77998432808184,1.3551329014178877
793,6160722.72893204,27.30542488046358,53,1565.3481632703915,4.989380443668239,0.015318191809775205,0.1990940225611872,0.04357085948426339,True,0.015075586948106264,0.04346583332612245,72.96248524775912,74.18725771723797,73.07522023400796,72.75513599441854,1.3705673480759915
794,6168495.35174278,27.297011576041108,53,1582.048165020533,4.9182163814237185,0.015176570024632538,0.207179853761607,0.04394118977273697,True,0.01504508918048338,0.04347913106621806,73.64334247653098,74.33764205323608,72.45935235401895,72.73288442532437,1.35789599646327
795,6176318.27455878,27.27239052221366,53,1580.8701648898423,4.981473399566177,0.015150257867293413,0.2120511686240516,0.043969192498223515,True,0.015026931583492862,0.04349422752024191,73.77124229389347,74.42746697445358,72.41320505775045,72.70763949724196,1.355541764047703
796,6184414.06940323,27.337248361922192,53,1566.7161634294316,5.155429056415652,0.015077871223782029,0.22709671415536076,0.04376116192235396,True,0.015015357899172497,0.043512629881664655,74.12540718481634,74.48483490489593,72.75744090723389,72.67688998235715,1.3490651007923045
797,6192936.65829221,27.145561565375463,52,1543.0341609502211,4.760076495252523,0.01475857430180118,0.2055444654652912,0.04363110118287263,True,0.015007299387583717,0.04353324906787352,75.7290860951702,74.52483123533271,72.9743248801481,72.64246713637819,1.320496589505688
798,6201418.64117695,27.15464346716235,52,1545.5181612102315,4.831237422690958,0.014659429313002317,0.22175457603478255,0.04358864295183983,True,0.01500180280352201,0.043550411467348595,76.24125878841375,74.55213675353839,73.04540671558509,72.61384010398415,1.3116257719796685
799,6209935.75806535,27.154211905181917,52,1546.8001613495871,4.665185644333523,0.015107878211864339,0.18828275253862975,0.04371169338328202,True,0.015011604121204947,0.04357075542450196,73.97818067300581,74.50346046482444,72.8397805291912,72.57993541636917,1.3517499214676452
800,6218478.10895639,27.168212570693324,52,1546.6321613295004,4.546585000000004,0.014571048695461148,0.19857732309264908,0.04370718909233641,True,0.015031403935941523,0.043590112788435546,76.70369973378888,74.40532227888228,72.84728711039058,72.54770434069037,1.3037180769913201
801,6226977.63584296,27.232034409838768,52,1548.2861615000293,4.878681680395491,0.014971963339327541,0.2234424702362338,0.043778841706717996,True,0.015037098653670984,0.043606755842495626,74.64975157982633,74.37714414972939,72.72805831473094,72.52001561810717,1.3395891854793431
802,6235227.24670346,27.189229236662907,52,1559.9341627201065,4.578211537320577,0.014985277337243615,0.20048551765735065,0.043969437950656366,True,0.015041373130441883,0.043625397254235476,74.58342737276618,74.35600755719912,72.41280082248657,72.48902735082243,1.3407804312244498
803,6243775.3415951,27.155666646437847,52,1548.5261615198106,4.736354873796575,0.014799160923074001,0.22069192102531485,0.04391672353980744,True,0.015043829777275171,0.04364333461546372,75.52139947343144,74.34386527340531,72.49971983250376,72.45923444246351,1.3241280036161809
804,6252259.10048002,27.176722748870816,52,1550.8241617698222,4.5149503729725495,0.014455572612705655,0.19161893685282297,0.043909083885953,True,0.015034941899275947,0.043659225177267114,77.31643525215404,74.38781351138107,72.51233391403419,72.43286159827171,1.2933860645401245
805,6260742.57336492,27.119529503346257,52,1553.3741620304063,4.58611863628558,0.014647482196034515,0.19980576922144438,0.04404089856776559,True,0.01503250023210206,0.04367896087703629,76.3034444408233,74.39989601792246,72.2953040501303,72.4001338689205,1.310556825421024
806,6269333.78226105,27.429678759726396,52,1553.5421620495617,4.8786785874677925,0.01473358775714065,0.21147684183265095,0.044109806818364225,True,0.015034743801540231,0.043701609244271904,75.85751429765611,74.38879364497136,72.18236447301756,72.36261248588389,1.318260963873222
807,6277966.78516154,27.476037469289956,52,1548.0201614703983,5.092172232102026,0.015191874642286975,0.220707598890135,0.04393565880021173,True,0.015021832812118689,0.04371154508500653,73.56915260688442,74.45272944693666,72.46847411747966,72.34616412215291,1.3592653492884885
808,6286569.42205887,27.442043754733035,52,1549.3401616094634,5.060544999999998,0.0155437857358769,0.2026757988020046,0.044035024212147875,True,0.015011614329844424,0.043729376190628916,71.90354801169136,74.50340979879006,72.30494838059406,72.31666422514516,1.3907519542539832
809,6295288.96696839,27.588496271044182,52,1546.23816127982,5.068453915869711,0.01507946390421173,0.226027028429461,0.044055425295303756,True,0.015014446176138745,0.04374142230218671,74.11757812099042,74.48935785158683,72.27146557445596,72.29674867236031,1.3492076029766336
810,6303412.79381577,27.5535920326646,53,1574.232164199464,5.281945356660415,0.01557707158886647,0.21996742737147018,0.04453152925223609,True,0.015020148193230297,0.043747543240217866,71.74990097252282,74.4610798621726,71.49878313324898,72.28663327191262,1.3937301454025788
811,6312046.04471629,27.36121609674573,52,1549.1721615893766,4.74426432698424,0.014371220755173397,0.22895323440816814,0.04415527543541613,True,0.015024631131648989,0.04376350567505046,77.77024394679427,74.43886271536303,72.10803513737736,72.26026722433319,1.2858388355251766
